CO_POSICAO;SG_AREA;CO_ITEM;TX_GABARITO;CO_HABILIDADE;IN_ITEM_ABAN;TX_MOTIVO_ABAN;NU_PARAM_A;NU_PARAM_B;NU_PARAM_C;TX_COR;CO_PROVA
46;CH;60181.0;A;;0;;0.70844;476.18;0.02167;AZUL;53
46;CH;60181.0;A;;0;;0.70844;476.18;0.02167;AMARELO;54
46;CH;60182.0;A;;0;;1.41931;548.60;0.30167;BRANCO;55
46;CH;60185.0;A;;0;;1.40172;750.06;0.26532;ROSA;56
46;CH;58938.0;B;;0;;2.21264;549.35;0.16385;AZUL;69
46;CH;58938.0;B;;0;;2.21264;549.35;0.16385;AMARELO;70
46;CH;58938.0;B;;0;;2.21264;549.35;0.16385;BRANCO;71
46;CH;58938.0;B;;0;;2.21264;549.35;0.16385;ROSA;72
47;CH;60182.0;A;;0;;1.41931;548.60;0.30167;AZUL;53
47;CH;60182.0;A;;0;;1.41931;548.60;0.30167;AMARELO;54
47;CH;60181.0;A;;0;;0.70844;476.18;0.02167;BRANCO;55
47;CH;60186.0;A;;0;;0.86791;529.87;0.00083;ROSA;56
47;CH;58251.0;C;;0;;1.17622;563.21;0.20609;AZUL;69
47;CH;58251.0;C;;0;;1.17622;563.21;0.20609;AMARELO;70
47;CH;58251.0;C;;0;;1.17622;563.21;0.20609;BRANCO;71
47;CH;58251.0;C;;0;;1.17622;563.21;0.20609;ROSA;72
48;CH;60183.0;C;;0;;1.76944;654.03;0.20404;AZUL;53
48;CH;60184.0;A;;0;;2.69518;755.77;0.11948;AMARELO;54
48;CH;60183.0;C;;0;;1.76944;654.03;0.20404;BRANCO;55
48;CH;60188.0;E;;0;;1.18998;661.10;0.09065;ROSA;56
48;CH;58068.0;C;;0;;1.22035;473.29;0.149;AZUL;69
48;CH;58068.0;C;;0;;1.22035;473.29;0.149;AMARELO;70
48;CH;58068.0;C;;0;;1.22035;473.29;0.149;BRANCO;71
48;CH;58068.0;C;;0;;1.22035;473.29;0.149;ROSA;72
49;CH;60184.0;A;;0;;2.69518;755.77;0.11948;AZUL;53
49;CH;60183.0;C;;0;;1.76944;654.03;0.20404;AMARELO;54
49;CH;60184.0;A;;0;;2.69518;755.77;0.11948;BRANCO;55
49;CH;60187.0;A;;0;;1.43883;632.07;0.10075;ROSA;56
49;CH;58534.0;D;;0;;1.24302;505.46;0.14673;AZUL;69
49;CH;58942.0;D;;0;;1.84502;534.59;0.22276;AMARELO;70
49;CH;58534.0;D;;0;;1.24302;505.46;0.14673;BRANCO;71
49;CH;58744.0;C;;0;;1.47937;565.36;0.14448;ROSA;72
50;CH;60185.0;A;;0;;1.40172;750.06;0.26532;AZUL;53
50;CH;60185.0;A;;0;;1.40172;750.06;0.26532;AMARELO;54
50;CH;60186.0;A;;0;;0.86791;529.87;0.00083;BRANCO;55
50;CH;60181.0;A;;0;;0.70844;476.18;0.02167;ROSA;56
50;CH;58942.0;D;;0;;1.84502;534.59;0.22276;AZUL;69
50;CH;58534.0;D;;0;;1.24302;505.46;0.14673;AMARELO;70
50;CH;58942.0;D;;0;;1.84502;534.59;0.22276;BRANCO;71
50;CH;58942.0;D;;0;;1.84502;534.59;0.22276;ROSA;72
51;CH;60186.0;A;;0;;0.86791;529.87;0.00083;AZUL;53
51;CH;60186.0;A;;0;;0.86791;529.87;0.00083;AMARELO;54
51;CH;60185.0;A;;0;;1.40172;750.06;0.26532;BRANCO;55
51;CH;60182.0;A;;0;;1.41931;548.60;0.30167;ROSA;56
51;CH;58744.0;C;;0;;1.47937;565.36;0.14448;AZUL;69
51;CH;58744.0;C;;0;;1.47937;565.36;0.14448;AMARELO;70
51;CH;58744.0;C;;0;;1.47937;565.36;0.14448;BRANCO;71
51;CH;58534.0;D;;0;;1.24302;505.46;0.14673;ROSA;72
52;CH;60187.0;A;;0;;1.43883;632.07;0.10075;AZUL;53
52;CH;60188.0;E;;0;;1.18998;661.10;0.09065;AMARELO;54
52;CH;60187.0;A;;0;;1.43883;632.07;0.10075;BRANCO;55
52;CH;60184.0;A;;0;;2.69518;755.77;0.11948;ROSA;56
52;CH;59197.0;B;;0;;1.31967;487.88;0.20178;AZUL;69
52;CH;59197.0;B;;0;;1.31967;487.88;0.20178;AMARELO;70
52;CH;59197.0;B;;0;;1.31967;487.88;0.20178;BRANCO;71
52;CH;59197.0;B;;0;;1.31967;487.88;0.20178;ROSA;72
53;CH;60188.0;E;;0;;1.18998;661.10;0.09065;AZUL;53
53;CH;60187.0;A;;0;;1.43883;632.07;0.10075;AMARELO;54
53;CH;60188.0;E;;0;;1.18998;661.10;0.09065;BRANCO;55
53;CH;60183.0;C;;0;;1.76944;654.03;0.20404;ROSA;56
53;CH;58087.0;E;;0;;2.56547;555.48;0.2194;AZUL;69
53;CH;58245.0;A;;0;;1.51926;534.50;0.12704;AMARELO;70
53;CH;58245.0;A;;0;;1.51926;534.50;0.12704;BRANCO;71
53;CH;58087.0;E;;0;;2.56547;555.48;0.2194;ROSA;72
54;CH;58533.0;E;;0;;0.9813;411.55;0.00725;AZUL;53
54;CH;58533.0;E;;0;;0.9813;411.55;0.00725;AMARELO;54
54;CH;58533.0;E;;0;;0.9813;411.55;0.00725;BRANCO;55
54;CH;58533.0;E;;0;;0.9813;411.55;0.00725;ROSA;56
54;CH;58245.0;A;;0;;1.51926;534.50;0.12704;AZUL;69
54;CH;58087.0;E;;0;;2.56547;555.48;0.2194;AMARELO;70
54;CH;58087.0;E;;0;;2.56547;555.48;0.2194;BRANCO;71
54;CH;58245.0;A;;0;;1.51926;534.50;0.12704;ROSA;72
55;CH;60189.0;A;;0;;2.29776;680.11;0.1608;AZUL;53
55;CH;60189.0;A;;0;;2.29776;680.11;0.1608;AMARELO;54
55;CH;60189.0;A;;0;;2.29776;680.11;0.1608;BRANCO;55
55;CH;60189.0;A;;0;;2.29776;680.11;0.1608;ROSA;56
55;CH;58527.0;C;;0;;1.21317;634.03;0.15623;AZUL;69
55;CH;58527.0;C;;0;;1.21317;634.03;0.15623;AMARELO;70
55;CH;58530.0;C;;0;;2.10707;535.35;0.2347;BRANCO;71
55;CH;58530.0;C;;0;;2.10707;535.35;0.2347;ROSA;72
56;CH;60190.0;D;;0;;0.7605;722.70;0.15629;AZUL;53
56;CH;60191.0;D;;0;;1.50978;581.63;0.19238;AMARELO;54
56;CH;60190.0;D;;0;;0.7605;722.70;0.15629;BRANCO;55
56;CH;60191.0;D;;0;;1.50978;581.63;0.19238;ROSA;56
56;CH;58530.0;C;;0;;2.10707;535.35;0.2347;AZUL;69
56;CH;58530.0;C;;0;;2.10707;535.35;0.2347;AMARELO;70
56;CH;58527.0;C;;0;;1.21317;634.03;0.15623;BRANCO;71
56;CH;58527.0;C;;0;;1.21317;634.03;0.15623;ROSA;72
57;CH;60191.0;D;;0;;1.50978;581.63;0.19238;AZUL;53
57;CH;60190.0;D;;0;;0.7605;722.70;0.15629;AMARELO;54
57;CH;60191.0;D;;0;;1.50978;581.63;0.19238;BRANCO;55
57;CH;60190.0;D;;0;;0.7605;722.70;0.15629;ROSA;56
57;CH;58759.0;A;;0;;1.60076;500.93;0.12395;AZUL;69
57;CH;58759.0;A;;0;;1.60076;500.93;0.12395;AMARELO;70
57;CH;58759.0;A;;0;;1.60076;500.93;0.12395;BRANCO;71
57;CH;58759.0;A;;0;;1.60076;500.93;0.12395;ROSA;72
58;CH;60192.0;B;;0;;2.92255;783.05;0.22713;AZUL;53
58;CH;60192.0;B;;0;;2.92255;783.05;0.22713;AMARELO;54
58;CH;60193.0;E;;0;;1.47286;527.24;0.0619;BRANCO;55
58;CH;60192.0;B;;0;;2.92255;783.05;0.22713;ROSA;56
58;CH;58760.0;A;;0;;1.31405;518.23;0.07888;AZUL;69
58;CH;58760.0;A;;0;;1.31405;518.23;0.07888;AMARELO;70
58;CH;58760.0;A;;0;;1.31405;518.23;0.07888;BRANCO;71
58;CH;58715.0;E;;0;;2.00853;547.95;0.30938;ROSA;72
59;CH;58536.0;B;;0;;1.20882;522.52;0.08281;AZUL;53
59;CH;58536.0;B;;0;;1.20882;522.52;0.08281;AMARELO;54
59;CH;58536.0;B;;0;;1.20882;522.52;0.08281;BRANCO;55
59;CH;58536.0;B;;0;;1.20882;522.52;0.08281;ROSA;56
59;CH;58100.0;D;;0;;2.51547;560.18;0.23343;AZUL;69
59;CH;58715.0;E;;0;;2.00853;547.95;0.30938;AMARELO;70
59;CH;58715.0;E;;0;;2.00853;547.95;0.30938;BRANCO;71
59;CH;58760.0;A;;0;;1.31405;518.23;0.07888;ROSA;72
60;CH;60193.0;E;;0;;1.47286;527.24;0.0619;AZUL;53
60;CH;60194.0;E;;0;;1.72548;515.23;0.27776;AMARELO;54
60;CH;60192.0;B;;0;;2.92255;783.05;0.22713;BRANCO;55
60;CH;60195.0;D;;0;;2.34454;549.24;0.12201;ROSA;56
60;CH;58715.0;E;;0;;2.00853;547.95;0.30938;AZUL;69
60;CH;58100.0;D;;0;;2.51547;560.18;0.23343;AMARELO;70
60;CH;58100.0;D;;0;;2.51547;560.18;0.23343;BRANCO;71
60;CH;58100.0;D;;0;;2.51547;560.18;0.23343;ROSA;72
61;CH;60194.0;E;;0;;1.72548;515.23;0.27776;AZUL;53
61;CH;60193.0;E;;0;;1.47286;527.24;0.0619;AMARELO;54
61;CH;60194.0;E;;0;;1.72548;515.23;0.27776;BRANCO;55
61;CH;60196.0;E;;0;;1.15755;857.44;0.30703;ROSA;56
61;CH;58273.0;B;;0;;1.50206;622.00;0.16136;AZUL;69
61;CH;58273.0;B;;0;;1.50206;622.00;0.16136;AMARELO;70
61;CH;58273.0;B;;0;;1.50206;622.00;0.16136;BRANCO;71
61;CH;58273.0;B;;0;;1.50206;622.00;0.16136;ROSA;72
62;CH;60195.0;D;;0;;2.34454;549.24;0.12201;AZUL;53
62;CH;60195.0;D;;0;;2.34454;549.24;0.12201;AMARELO;54
62;CH;60196.0;E;;0;;1.15755;857.44;0.30703;BRANCO;55
62;CH;60194.0;E;;0;;1.72548;515.23;0.27776;ROSA;56
62;CH;58276.0;C;;0;;1.75425;648.02;0.20371;AZUL;69
62;CH;58276.0;C;;0;;1.75425;648.02;0.20371;AMARELO;70
62;CH;58276.0;C;;0;;1.75425;648.02;0.20371;BRANCO;71
62;CH;58276.0;C;;0;;1.75425;648.02;0.20371;ROSA;72
63;CH;60196.0;E;;0;;1.15755;857.44;0.30703;AZUL;53
63;CH;60196.0;E;;0;;1.15755;857.44;0.30703;AMARELO;54
63;CH;60195.0;D;;0;;2.34454;549.24;0.12201;BRANCO;55
63;CH;60193.0;E;;0;;1.47286;527.24;0.0619;ROSA;56
63;CH;58542.0;A;;0;;1.42754;660.84;0.22691;AZUL;69
63;CH;58271.0;A;;0;;1.95672;525.62;0.17348;AMARELO;70
63;CH;58542.0;A;;0;;1.42754;660.84;0.22691;BRANCO;71
63;CH;58542.0;B;;0;;1.42754;660.84;0.22691;ROSA;72
64;CH;58083.0;B;;0;;1.53994;592.36;0.16451;AZUL;53
64;CH;58083.0;B;;0;;1.53994;592.36;0.16451;AMARELO;54
64;CH;58083.0;B;;0;;1.53994;592.36;0.16451;BRANCO;55
64;CH;58083.0;B;;0;;1.53994;592.36;0.16451;ROSA;56
64;CH;58271.0;A;;0;;1.95672;525.62;0.17348;AZUL;69
64;CH;58542.0;A;;0;;1.42754;660.84;0.22691;AMARELO;70
64;CH;58271.0;A;;0;;1.95672;525.62;0.17348;BRANCO;71
64;CH;58271.0;A;;0;;1.95672;525.62;0.17348;ROSA;72
65;CH;60197.0;A;;0;;1.34078;685.22;0.17826;AZUL;53
65;CH;60197.0;A;;0;;1.34078;685.22;0.17826;AMARELO;54
65;CH;60198.0;E;;0;;0.61109;632.87;0.05748;BRANCO;55
65;CH;60200.0;C;;0;;2.97342;595.63;0.20655;ROSA;56
65;CH;58284.0;C;;0;;3.44534;519.58;0.20954;AZUL;69
65;CH;58119.0;E;;0;;3.34114;519.39;0.2074;AMARELO;70
65;CH;58119.0;E;;0;;3.34114;519.39;0.2074;BRANCO;71
65;CH;58284.0;C;;0;;3.44534;519.58;0.20954;ROSA;72
66;CH;60198.0;E;;0;;0.61109;632.87;0.05748;AZUL;53
66;CH;60198.0;E;;0;;0.61109;632.87;0.05748;AMARELO;54
66;CH;60197.0;A;;0;;1.34078;685.22;0.17826;BRANCO;55
66;CH;60198.0;E;;0;;0.61109;632.87;0.05748;ROSA;56
66;CH;58119.0;E;;0;;3.34114;519.39;0.2074;AZUL;69
66;CH;58284.0;C;;0;;3.44534;519.58;0.20954;AMARELO;70
66;CH;58284.0;C;;0;;3.44534;519.58;0.20954;BRANCO;71
66;CH;58119.0;E;;0;;3.34114;519.39;0.2074;ROSA;72
67;CH;60199.0;D;;0;;1.22125;961.00;0.13986;AZUL;53
67;CH;60200.0;C;;0;;2.97342;595.63;0.20655;AMARELO;54
67;CH;60199.0;D;;0;;1.22125;961.00;0.13986;BRANCO;55
67;CH;60197.0;A;;0;;1.34078;685.22;0.17826;ROSA;56
67;CH;58246.0;E;;0;;1.51642;589.39;0.1116;AZUL;69
67;CH;58246.0;E;;0;;1.51642;589.39;0.1116;AMARELO;70
67;CH;58246.0;E;;0;;1.51642;589.39;0.1116;BRANCO;71
67;CH;58246.0;E;;0;;1.51642;589.39;0.1116;ROSA;72
68;CH;60200.0;C;;0;;2.97342;595.63;0.20655;AZUL;53
68;CH;60199.0;D;;0;;1.22125;961.00;0.13986;AMARELO;54
68;CH;60200.0;C;;0;;2.97342;595.63;0.20655;BRANCO;55
68;CH;60199.0;D;;0;;1.22125;961.00;0.13986;ROSA;56
68;CH;58061.0;B;;0;;0.70664;624.74;0.15002;AZUL;69
68;CH;58061.0;B;;0;;0.70664;624.74;0.15002;AMARELO;70
68;CH;58061.0;B;;0;;0.70664;624.74;0.15002;BRANCO;71
68;CH;58061.0;B;;0;;0.70664;624.74;0.15002;ROSA;72
69;CH;58520.0;E;;0;;0.86918;660.41;0.03914;AZUL;53
69;CH;58520.0;E;;0;;0.86918;660.41;0.03914;AMARELO;54
69;CH;58520.0;E;;0;;0.86918;660.41;0.03914;BRANCO;55
69;CH;58520.0;E;;0;;0.86918;660.41;0.03914;ROSA;56
69;CH;58970.0;D;;0;;2.175;610.39;0.1833;AZUL;69
69;CH;58970.0;D;;0;;2.175;610.39;0.1833;AMARELO;70
69;CH;58719.0;C;;0;;1.19559;644.48;0.20943;BRANCO;71
69;CH;58893.0;D;;0;;2.49971;636.52;0.1296;ROSA;72
70;CH;60201.0;B;;0;;1.91061;651.31;0.25011;AZUL;53
70;CH;60201.0;B;;0;;1.91061;651.31;0.25011;AMARELO;54
70;CH;60202.0;D;;0;;1.16335;661.48;0.13595;BRANCO;55
70;CH;60201.0;B;;0;;1.91061;651.31;0.25011;ROSA;56
70;CH;58719.0;C;;0;;1.19559;644.48;0.20943;AZUL;69
70;CH;58719.0;C;;0;;1.19559;644.48;0.20943;AMARELO;70
70;CH;58970.0;D;;0;;2.175;610.39;0.1833;BRANCO;71
70;CH;58719.0;C;;0;;1.19559;644.48;0.20943;ROSA;72
71;CH;60202.0;D;;0;;1.16335;661.48;0.13595;AZUL;53
71;CH;60203.0;A;;0;;1.61443;605.39;0.1859;AMARELO;54
71;CH;60201.0;B;;0;;1.91061;651.31;0.25011;BRANCO;55
71;CH;60202.0;D;;0;;1.16335;661.48;0.13595;ROSA;56
71;CH;58893.0;D;;0;;2.49971;636.52;0.1296;AZUL;69
71;CH;58893.0;D;;0;;2.49971;636.52;0.1296;AMARELO;70
71;CH;58893.0;D;;0;;2.49971;636.52;0.1296;BRANCO;71
71;CH;58970.0;D;;0;;2.175;610.39;0.1833;ROSA;72
72;CH;60203.0;A;;0;;1.61443;605.39;0.1859;AZUL;53
72;CH;60202.0;D;;0;;1.16335;661.48;0.13595;AMARELO;54
72;CH;60204.0;D;;0;;2.18094;669.58;0.20318;BRANCO;55
72;CH;60203.0;A;;0;;1.61443;605.39;0.1859;ROSA;56
72;CH;57820.0;D;;0;;1.83652;657.99;0.162;AZUL;69
72;CH;57820.0;D;;0;;1.83652;657.99;0.162;AMARELO;70
72;CH;57820.0;D;;0;;1.83652;657.99;0.162;BRANCO;71
72;CH;57820.0;D;;0;;1.83652;657.99;0.162;ROSA;72
73;CH;60204.0;D;;0;;2.18094;669.58;0.20318;AZUL;53
73;CH;60204.0;D;;0;;2.18094;669.58;0.20318;AMARELO;54
73;CH;60203.0;A;;0;;1.61443;605.39;0.1859;BRANCO;55
73;CH;60204.0;D;;0;;2.18094;669.58;0.20318;ROSA;56
73;CH;58717.0;D;;0;;1.30538;654.16;0.14049;AZUL;69
73;CH;58717.0;D;;0;;1.30538;654.16;0.14049;AMARELO;70
73;CH;58717.0;D;;0;;1.30538;654.16;0.14049;BRANCO;71
73;CH;58717.0;D;;0;;1.30538;654.16;0.14049;ROSA;72
74;CH;58114.0;C;;0;;1.31028;564.71;0.19019;AZUL;53
74;CH;58114.0;C;;0;;1.31028;564.71;0.19019;AMARELO;54
74;CH;58114.0;C;;0;;1.31028;564.71;0.19019;BRANCO;55
74;CH;58114.0;C;;0;;1.31028;564.71;0.19019;ROSA;56
74;CH;57767.0;C;;0;;2.10289;592.43;0.21213;AZUL;69
74;CH;58935.0;B;;0;;1.12725;585.16;0.17454;AMARELO;70
74;CH;58935.0;B;;0;;1.12725;585.16;0.17454;BRANCO;71
74;CH;57767.0;C;;0;;2.10289;592.43;0.21213;ROSA;72
75;CH;60205.0;C;;0;;2.07392;578.25;0.15327;AZUL;53
75;CH;60205.0;C;;0;;2.07392;578.25;0.15327;AMARELO;54
75;CH;60205.0;C;;0;;2.07392;578.25;0.15327;BRANCO;55
75;CH;60205.0;C;;0;;2.07392;578.25;0.15327;ROSA;56
75;CH;58935.0;B;;0;;1.12725;585.16;0.17454;AZUL;69
75;CH;57767.0;C;;0;;2.10289;592.43;0.21213;AMARELO;70
75;CH;57767.0;C;;0;;2.10289;592.43;0.21213;BRANCO;71
75;CH;58935.0;B;;0;;1.12725;585.16;0.17454;ROSA;72
76;CH;60206.0;C;;0;;2.37045;638.10;0.15167;AZUL;53
76;CH;60206.0;C;;0;;2.37045;638.10;0.15167;AMARELO;54
76;CH;60206.0;C;;0;;2.37045;638.10;0.15167;BRANCO;55
76;CH;60206.0;C;;0;;2.37045;638.10;0.15167;ROSA;56
76;CH;58109.0;D;;0;;1.30149;590.31;0.14871;AZUL;69
76;CH;58109.0;D;;0;;1.30149;590.31;0.14871;AMARELO;70
76;CH;58109.0;D;;0;;1.30149;590.31;0.14871;BRANCO;71
76;CH;58109.0;D;;0;;1.30149;590.31;0.14871;ROSA;72
77;CH;60207.0;B;;0;;1.30178;674.25;0.15235;AZUL;53
77;CH;60207.0;B;;0;;1.30178;674.25;0.15235;AMARELO;54
77;CH;60207.0;B;;0;;1.30178;674.25;0.15235;BRANCO;55
77;CH;60207.0;B;;0;;1.30178;674.25;0.15235;ROSA;56
77;CH;58902.0;E;;0;;2.2234;630.76;0.10989;AZUL;69
77;CH;58902.0;E;;0;;2.2234;630.76;0.10989;AMARELO;70
77;CH;58902.0;E;;0;;2.2234;630.76;0.10989;BRANCO;71
77;CH;58902.0;E;;0;;2.2234;630.76;0.10989;ROSA;72
78;CH;60208.0;A;;0;;2.44222;575.54;0.19707;AZUL;53
78;CH;60208.0;A;;0;;2.44222;575.54;0.19707;AMARELO;54
78;CH;60208.0;A;;0;;2.44222;575.54;0.19707;BRANCO;55
78;CH;60208.0;A;;0;;2.44222;575.54;0.19707;ROSA;56
78;CH;60080.0;D;;0;;1.87162;698.23;0.17273;AZUL;69
78;CH;60080.0;D;;0;;1.87162;698.23;0.17273;AMARELO;70
78;CH;58871.0;A;;0;;2.70795;703.81;0.18765;BRANCO;71
78;CH;58871.0;A;;0;;2.70795;703.81;0.18765;ROSA;72
79;CH;58778.0;D;;0;;1.95882;544.39;0.24409;AZUL;53
79;CH;58778.0;D;;0;;1.95882;544.39;0.24409;AMARELO;54
79;CH;58778.0;D;;0;;1.95882;544.39;0.24409;BRANCO;55
79;CH;58778.0;D;;0;;1.95882;544.39;0.24409;ROSA;56
79;CH;58300.0;D;;0;;1.2184;686.61;0.12589;AZUL;69
79;CH;58871.0;A;;0;;2.70795;703.81;0.18765;AMARELO;70
79;CH;58300.0;D;;0;;1.2184;686.61;0.12589;BRANCO;71
79;CH;58300.0;D;;0;;1.2184;686.61;0.12589;ROSA;72
80;CH;60209.0;B;;0;;1.77759;686.92;0.20452;AZUL;53
80;CH;60209.0;B;;0;;1.77759;686.92;0.20452;AMARELO;54
80;CH;60209.0;B;;0;;1.77759;686.92;0.20452;BRANCO;55
80;CH;60210.0;E;;0;;2.57266;603.07;0.19557;ROSA;56
80;CH;58871.0;A;;0;;2.70795;703.81;0.18765;AZUL;69
80;CH;58300.0;D;;0;;1.2184;686.61;0.12589;AMARELO;70
80;CH;60080.0;D;;0;;1.87162;698.23;0.17273;BRANCO;71
80;CH;60080.0;D;;0;;1.87162;698.23;0.17273;ROSA;72
81;CH;60210.0;E;;0;;2.57266;603.07;0.19557;AZUL;53
81;CH;60211.0;A;;0;;2.29066;664.82;0.11627;AMARELO;54
81;CH;60210.0;E;;0;;2.57266;603.07;0.19557;BRANCO;55
81;CH;60209.0;B;;0;;1.77759;686.92;0.20452;ROSA;56
81;CH;58086.0;A;;0;;2.17144;601.51;0.15421;AZUL;69
81;CH;58086.0;A;;0;;2.17144;601.51;0.15421;AMARELO;70
81;CH;58086.0;A;;0;;2.17144;601.51;0.15421;BRANCO;71
81;CH;58086.0;A;;0;;2.17144;601.51;0.15421;ROSA;72
82;CH;60211.0;A;;0;;2.29066;664.82;0.11627;AZUL;53
82;CH;60210.0;E;;0;;2.57266;603.07;0.19557;AMARELO;54
82;CH;60211.0;A;;0;;2.29066;664.82;0.11627;BRANCO;55
82;CH;60211.0;A;;0;;2.29066;664.82;0.11627;ROSA;56
82;CH;57759.0;D;;0;;2.04623;641.68;0.13358;AZUL;69
82;CH;57759.0;D;;0;;2.04623;641.68;0.13358;AMARELO;70
82;CH;57759.0;D;;0;;2.04623;641.68;0.13358;BRANCO;71
82;CH;57759.0;D;;0;;2.04623;641.68;0.13358;ROSA;72
83;CH;60212.0;E;;0;;1.72838;645.57;0.17309;AZUL;53
83;CH;60212.0;E;;0;;1.72838;645.57;0.17309;AMARELO;54
83;CH;60212.0;E;;0;;1.72838;645.57;0.17309;BRANCO;55
83;CH;60212.0;E;;0;;1.72838;645.57;0.17309;ROSA;56
83;CH;58761.0;C;;0;;1.82041;726.99;0.20371;AZUL;69
83;CH;58876.0;D;;0;;1.67318;838.97;0.21839;AMARELO;70
83;CH;58875.0;E;;0;;3.0483;715.62;0.12306;BRANCO;71
83;CH;58875.0;E;;0;;3.0483;715.62;0.12306;ROSA;72
84;CH;58726.0;C;;0;;2.64231;613.52;0.19219;AZUL;53
84;CH;58726.0;C;;0;;2.64231;613.52;0.19219;AMARELO;54
84;CH;58726.0;C;;0;;2.64231;613.52;0.19219;BRANCO;55
84;CH;58726.0;C;;0;;2.64231;613.52;0.19219;ROSA;56
84;CH;58876.0;D;;0;;1.67318;838.97;0.21839;AZUL;69
84;CH;58761.0;C;;0;;1.82041;726.99;0.20371;AMARELO;70
84;CH;58876.0;D;;0;;1.67318;838.97;0.21839;BRANCO;71
84;CH;58761.0;C;;0;;1.82041;726.99;0.20371;ROSA;72
85;CH;60215.0;D;;0;;2.07233;655.81;0.13524;AZUL;53
85;CH;60217.0;D;;0;;0.78346;555.14;0.37795;AMARELO;54
85;CH;60215.0;D;;0;;2.07233;655.81;0.13524;BRANCO;55
85;CH;60224.0;E;;0;;1.30667;660.04;0.162;ROSA;56
85;CH;58875.0;E;;0;;3.0483;715.62;0.12306;AZUL;69
85;CH;58875.0;E;;0;;3.0483;715.62;0.12306;AMARELO;70
85;CH;58761.0;C;;0;;1.82041;726.99;0.20371;BRANCO;71
85;CH;58876.0;D;;0;;1.67318;838.97;0.21839;ROSA;72
86;CH;60217.0;D;;0;;0.78346;555.14;0.37795;AZUL;53
86;CH;60215.0;D;;0;;2.07233;655.81;0.13524;AMARELO;54
86;CH;60217.0;D;;0;;0.78346;555.14;0.37795;BRANCO;55
86;CH;60223.0;E;;0;;2.29329;706.70;0.17413;ROSA;56
86;CH;58288.0;D;;0;;1.59729;746.15;0.19037;AZUL;69
86;CH;58288.0;D;;0;;1.59729;746.15;0.19037;AMARELO;70
86;CH;58288.0;D;;0;;1.59729;746.15;0.19037;BRANCO;71
86;CH;58288.0;D;;0;;1.59729;746.15;0.19037;ROSA;72
87;CH;60219.0;B;;0;;2.48756;671.94;0.16899;AZUL;53
87;CH;60219.0;B;;0;;2.48756;671.94;0.16899;AMARELO;54
87;CH;60219.0;B;;0;;2.48756;671.94;0.16899;BRANCO;55
87;CH;60225.0;D;;0;;0.78917;622.87;0.1937;ROSA;56
87;CH;57804.0;D;;0;;1.21526;690.97;0.17363;AZUL;69
87;CH;57804.0;D;;0;;1.21526;690.97;0.17363;AMARELO;70
87;CH;57804.0;D;;0;;1.21526;690.97;0.17363;BRANCO;71
87;CH;57804.0;D;;0;;1.21526;690.97;0.17363;ROSA;72
88;CH;60223.0;E;;0;;2.29329;706.70;0.17413;AZUL;53
88;CH;60224.0;E;;0;;1.30667;660.04;0.162;AMARELO;54
88;CH;60225.0;D;;0;;0.78917;622.87;0.1937;BRANCO;55
88;CH;60217.0;D;;0;;0.78346;555.14;0.37795;ROSA;56
88;CH;58531.0;B;;0;;1.6573;640.93;0.16859;AZUL;69
88;CH;58531.0;B;;0;;1.6573;640.93;0.16859;AMARELO;70
88;CH;58531.0;B;;0;;1.6573;640.93;0.16859;BRANCO;71
88;CH;58531.0;B;;0;;1.6573;640.93;0.16859;ROSA;72
89;CH;60224.0;E;;0;;1.30667;660.04;0.162;AZUL;53
89;CH;60223.0;E;;0;;2.29329;706.70;0.17413;AMARELO;54
89;CH;60223.0;E;;0;;2.29329;706.70;0.17413;BRANCO;55
89;CH;60215.0;D;;0;;2.07233;655.81;0.13524;ROSA;56
89;CH;58772.0;E;;0;;1.22521;763.83;0.17959;AZUL;69
89;CH;58896.0;E;;0;;1.406;750.32;0.18312;AMARELO;70
89;CH;58896.0;E;;0;;1.406;750.32;0.18312;BRANCO;71
89;CH;58772.0;E;;0;;1.22521;763.83;0.17959;ROSA;72
90;CH;60225.0;D;;0;;0.78917;622.87;0.1937;AZUL;53
90;CH;60225.0;D;;0;;0.78917;622.87;0.1937;AMARELO;54
90;CH;60224.0;E;;0;;1.30667;660.04;0.162;BRANCO;55
90;CH;60219.0;B;;0;;2.48756;671.94;0.16899;ROSA;56
90;CH;58896.0;E;;0;;1.406;750.32;0.18312;AZUL;69
90;CH;58772.0;E;;0;;1.22521;763.83;0.17959;AMARELO;70
90;CH;58772.0;E;;0;;1.22521;763.83;0.17959;BRANCO;71
90;CH;58896.0;E;;0;;1.406;750.32;0.18312;ROSA;72
1;CN;60083.0;C;;0;;1.38076;329.32;0.14199;AZUL;49
1;CN;60083.0;C;;0;;1.38076;329.32;0.14199;AMARELO;50
1;CN;60084.0;D;;0;;2.14163;562.04;0.09837;BRANCO;51
1;CN;60086.0;B;;0;;1.23281;511.50;0.34173;ROSA;52
1;CN;57919.0;B;;0;;2.34911;493.97;0.15259;AZUL;65
1;CN;57919.0;B;;0;;2.34911;493.97;0.15259;AMARELO;66
1;CN;57919.0;B;;0;;2.34911;493.97;0.15259;BRANCO;67
1;CN;57919.0;B;;0;;2.34911;493.97;0.15259;ROSA;68
2;CN;60084.0;D;;0;;2.14163;562.04;0.09837;AZUL;49
2;CN;60085.0;A;;0;;0.92339;707.70;0.30865;AMARELO;50
2;CN;60085.0;A;;0;;0.92339;707.70;0.30865;BRANCO;51
2;CN;60087.0;E;;0;;1.21819;521.69;0.21795;ROSA;52
2;CN;57846.0;C;;0;;2.42112;501.74;0.24;AZUL;65
2;CN;57846.0;C;;0;;2.42112;501.74;0.24;AMARELO;66
2;CN;57846.0;C;;0;;2.42112;501.74;0.24;BRANCO;67
2;CN;57846.0;C;;0;;2.42112;501.74;0.24;ROSA;68
3;CN;60085.0;A;;0;;0.92339;707.70;0.30865;AZUL;49
3;CN;60084.0;D;;0;;2.14163;562.04;0.09837;AMARELO;50
3;CN;60083.0;C;;0;;1.38076;329.32;0.14199;BRANCO;51
3;CN;60089.0;D;;0;;0.46296;573.58;0.00215;ROSA;52
3;CN;57854.0;E;;0;;2.27869;497.94;0.2304;AZUL;65
3;CN;57984.0;E;;0;;1.52456;518.24;0.13761;AMARELO;66
3;CN;59243.0;E;;0;;2.65564;527.16;0.13599;BRANCO;67
3;CN;59243.0;E;;0;;2.65564;527.16;0.13599;ROSA;68
4;CN;60086.0;B;;0;;1.23281;511.50;0.34173;AZUL;49
4;CN;60086.0;B;;0;;1.23281;511.50;0.34173;AMARELO;50
4;CN;60087.0;E;;0;;1.21819;521.69;0.21795;BRANCO;51
4;CN;60088.0;D;;0;;1.32028;548.60;0.31036;ROSA;52
4;CN;57984.0;E;;0;;1.52456;518.24;0.13761;AZUL;65
4;CN;57854.0;E;;0;;2.27869;497.94;0.2304;AMARELO;66
4;CN;57984.0;E;;0;;1.52456;518.24;0.13761;BRANCO;67
4;CN;57854.0;E;;0;;2.27869;497.94;0.2304;ROSA;68
5;CN;60087.0;E;;0;;1.21819;521.69;0.21795;AZUL;49
5;CN;60087.0;E;;0;;1.21819;521.69;0.21795;AMARELO;50
5;CN;60086.0;B;;0;;1.23281;511.50;0.34173;BRANCO;51
5;CN;60083.0;C;;0;;1.38076;329.32;0.14199;ROSA;52
5;CN;59243.0;E;;0;;2.65564;527.16;0.13599;AZUL;65
5;CN;59243.0;E;;0;;2.65564;527.16;0.13599;AMARELO;66
5;CN;57854.0;E;;0;;2.27869;497.94;0.2304;BRANCO;67
5;CN;57984.0;E;;0;;1.52456;518.24;0.13761;ROSA;68
6;CN;60088.0;D;;0;;1.32028;548.60;0.31036;AZUL;49
6;CN;60089.0;D;;0;;0.46296;573.58;0.00215;AMARELO;50
6;CN;60088.0;D;;0;;1.32028;548.60;0.31036;BRANCO;51
6;CN;60085.0;A;;0;;0.92339;707.70;0.30865;ROSA;52
6;CN;57848.0;D;;0;;1.20845;522.39;0.13554;AZUL;65
6;CN;57848.0;D;;0;;1.20845;522.39;0.13554;AMARELO;66
6;CN;57848.0;D;;0;;1.20845;522.39;0.13554;BRANCO;67
6;CN;57848.0;D;;0;;1.20845;522.39;0.13554;ROSA;68
7;CN;60089.0;D;;0;;0.46296;573.58;0.00215;AZUL;49
7;CN;60088.0;D;;0;;1.32028;548.60;0.31036;AMARELO;50
7;CN;60089.0;D;;0;;0.46296;573.58;0.00215;BRANCO;51
7;CN;60084.0;D;;0;;2.14163;562.04;0.09837;ROSA;52
7;CN;57985.0;A;;0;;1.39304;543.44;0.15555;AZUL;65
7;CN;57985.0;A;;0;;1.39304;543.44;0.15555;AMARELO;66
7;CN;57985.0;A;;0;;1.39304;543.44;0.15555;BRANCO;67
7;CN;57985.0;A;;0;;1.39304;543.44;0.15555;ROSA;68
8;CN;60090.0;B;;0;;0.99019;495.69;0.04952;AZUL;49
8;CN;60090.0;B;;0;;0.99019;495.69;0.04952;AMARELO;50
8;CN;60092.0;C;;0;;1.53326;532.21;0.13856;BRANCO;51
8;CN;60090.0;B;;0;;0.99019;495.69;0.04952;ROSA;52
8;CN;57863.0;B;;0;;1.64269;530.99;0.18258;AZUL;65
8;CN;57863.0;B;;0;;1.64269;530.99;0.18258;AMARELO;66
8;CN;57863.0;B;;0;;1.64269;530.99;0.18258;BRANCO;67
8;CN;57863.0;B;;0;;1.64269;530.99;0.18258;ROSA;68
9;CN;59286.0;D;;0;;1.63358;709.42;0.12732;AZUL;49
9;CN;59286.0;D;;0;;1.63358;709.42;0.12732;AMARELO;50
9;CN;59286.0;D;;0;;1.63358;709.42;0.12732;BRANCO;51
9;CN;59286.0;D;;0;;1.63358;709.42;0.12732;ROSA;52
9;CN;59316.0;D;;0;;2.80825;550.93;0.20163;AZUL;65
9;CN;58861.0;D;;0;;1.42367;552.90;0.12515;AMARELO;66
9;CN;57918.0;B;;0;;2.73668;552.15;0.18763;BRANCO;67
9;CN;58861.0;D;;0;;1.42367;552.90;0.12515;ROSA;68
10;CN;60091.0;C;;0;;1.97011;635.30;0.14727;AZUL;49
10;CN;60092.0;C;;0;;1.53326;532.21;0.13856;AMARELO;50
10;CN;60091.0;C;;0;;1.97011;635.30;0.14727;BRANCO;51
10;CN;60091.0;C;;0;;1.97011;635.30;0.14727;ROSA;52
10;CN;57918.0;B;;0;;2.73668;552.15;0.18763;AZUL;65
10;CN;59316.0;D;;0;;2.80825;550.93;0.20163;AMARELO;66
10;CN;58861.0;D;;0;;1.42367;552.90;0.12515;BRANCO;67
10;CN;57918.0;B;;0;;2.73668;552.15;0.18763;ROSA;68
11;CN;60092.0;C;;0;;1.53326;532.21;0.13856;AZUL;49
11;CN;60091.0;C;;0;;1.97011;635.30;0.14727;AMARELO;50
11;CN;60090.0;B;;0;;0.99019;495.69;0.04952;BRANCO;51
11;CN;60092.0;C;;0;;1.53326;532.21;0.13856;ROSA;52
11;CN;58861.0;D;;0;;1.42367;552.90;0.12515;AZUL;65
11;CN;57918.0;B;;0;;2.73668;552.15;0.18763;AMARELO;66
11;CN;59316.0;D;;0;;2.80825;550.93;0.20163;BRANCO;67
11;CN;59316.0;D;;0;;2.80825;550.93;0.20163;ROSA;68
12;CN;60126.0;A;;0;;1.14174;708.54;0.11183;AZUL;49
12;CN;60126.0;A;;0;;1.14174;708.54;0.11183;AMARELO;50
12;CN;60127.0;D;;0;;1.33828;416.96;0.0092;BRANCO;51
12;CN;60126.0;A;;0;;1.14174;708.54;0.11183;ROSA;52
12;CN;57981.0;E;;0;;0.97445;555.22;0.11771;AZUL;65
12;CN;57981.0;E;;0;;0.97445;555.22;0.11771;AMARELO;66
12;CN;57981.0;E;;0;;0.97445;555.22;0.11771;BRANCO;67
12;CN;57981.0;E;;0;;0.97445;555.22;0.11771;ROSA;68
13;CN;60127.0;D;;0;;1.33828;416.96;0.0092;AZUL;49
13;CN;60127.0;D;;0;;1.33828;416.96;0.0092;AMARELO;50
13;CN;60126.0;A;;0;;1.14174;708.54;0.11183;BRANCO;51
13;CN;60127.0;D;;0;;1.33828;416.96;0.0092;ROSA;52
13;CN;59234.0;E;;0;;1.38727;560.88;0.11718;AZUL;65
13;CN;59234.0;E;;0;;1.38727;560.88;0.11718;AMARELO;66
13;CN;59234.0;E;;0;;1.38727;560.88;0.11718;BRANCO;67
13;CN;59234.0;E;;0;;1.38727;560.88;0.11718;ROSA;68
14;CN;58443.0;E;;0;;0.78172;420.40;0.00663;AZUL;49
14;CN;58443.0;E;;0;;0.78172;420.40;0.00663;AMARELO;50
14;CN;58443.0;E;;0;;0.78172;420.40;0.00663;BRANCO;51
14;CN;58443.0;E;;0;;0.78172;420.40;0.00663;ROSA;52
14;CN;57940.0;D;;0;;1.63639;572.49;0.14124;AZUL;65
14;CN;59338.0;A;;0;;1.49675;589.75;0.21504;AMARELO;66
14;CN;59338.0;A;;0;;1.49675;589.75;0.21504;BRANCO;67
14;CN;57940.0;D;;0;;1.63639;572.49;0.14124;ROSA;68
15;CN;60128.0;B;;0;;1.9303;732.81;0.17045;AZUL;49
15;CN;60128.0;B;;0;;1.9303;732.81;0.17045;AMARELO;50
15;CN;60129.0;D;;0;;1.16625;544.91;0.10048;BRANCO;51
15;CN;60129.0;D;;0;;1.16625;544.91;0.10048;ROSA;52
15;CN;59338.0;A;;0;;1.49675;589.75;0.21504;AZUL;65
15;CN;57940.0;D;;0;;1.63639;572.49;0.14124;AMARELO;66
15;CN;57940.0;D;;0;;1.63639;572.49;0.14124;BRANCO;67
15;CN;59338.0;A;;0;;1.49675;589.75;0.21504;ROSA;68
16;CN;60129.0;D;;0;;1.16625;544.91;0.10048;AZUL;49
16;CN;60129.0;D;;0;;1.16625;544.91;0.10048;AMARELO;50
16;CN;60128.0;B;;0;;1.9303;732.81;0.17045;BRANCO;51
16;CN;60128.0;B;;0;;1.9303;732.81;0.17045;ROSA;52
16;CN;59221.0;C;;0;;2.06425;587.54;0.2128;AZUL;65
16;CN;59221.0;C;;0;;2.06425;587.54;0.2128;AMARELO;66
16;CN;59221.0;C;;0;;2.06425;587.54;0.2128;BRANCO;67
16;CN;59221.0;C;;0;;2.06425;587.54;0.2128;ROSA;68
17;CN;60130.0;E;;0;;3.68523;743.21;0.04399;AZUL;49
17;CN;60131.0;E;;0;;0.88832;765.90;0.3076;AMARELO;50
17;CN;60130.0;E;;0;;3.68523;743.21;0.04399;BRANCO;51
17;CN;60130.0;E;;0;;3.68523;743.21;0.04399;ROSA;52
17;CN;57937.0;D;;0;;2.12286;592.28;0.10043;AZUL;65
17;CN;57937.0;D;;0;;2.12286;592.28;0.10043;AMARELO;66
17;CN;57937.0;D;;0;;2.12286;592.28;0.10043;BRANCO;67
17;CN;57937.0;D;;0;;2.12286;592.28;0.10043;ROSA;68
18;CN;60131.0;E;;0;;0.88832;765.90;0.3076;AZUL;49
18;CN;60130.0;E;;0;;3.68523;743.21;0.04399;AMARELO;50
18;CN;60131.0;E;;0;;0.88832;765.90;0.3076;BRANCO;51
18;CN;60131.0;E;;0;;0.88832;765.90;0.3076;ROSA;52
18;CN;59238.0;C;;0;;1.99792;597.89;0.17101;AZUL;65
18;CN;59238.0;C;;0;;1.99792;597.89;0.17101;AMARELO;66
18;CN;57876.0;A;;0;;2.04662;597.42;0.1045;BRANCO;67
18;CN;57876.0;A;;0;;2.04662;597.42;0.1045;ROSA;68
19;CN;59275.0;D;;0;;2.04966;609.09;0.16162;AZUL;49
19;CN;59275.0;D;;0;;2.04966;609.09;0.16162;AMARELO;50
19;CN;59275.0;D;;0;;2.04966;609.09;0.16162;BRANCO;51
19;CN;59275.0;D;;0;;2.04966;609.09;0.16162;ROSA;52
19;CN;57876.0;A;;0;;2.04662;597.42;0.1045;AZUL;65
19;CN;57876.0;A;;0;;2.04662;597.42;0.1045;AMARELO;66
19;CN;59238.0;C;;0;;1.99792;597.89;0.17101;BRANCO;67
19;CN;59238.0;C;;0;;1.99792;597.89;0.17101;ROSA;68
20;CN;60132.0;E;;0;;0.84679;416.04;0.00135;AZUL;49
20;CN;60132.0;E;;0;;0.84679;416.04;0.00135;AMARELO;50
20;CN;60133.0;C;;0;;3.08201;630.96;0.21834;BRANCO;51
20;CN;60132.0;E;;0;;0.84679;416.04;0.00135;ROSA;52
20;CN;58418.0;D;;0;;2.13023;585.99;0.17556;AZUL;65
20;CN;58856.0;C;;0;;1.76668;612.48;0.06873;AMARELO;66
20;CN;58856.0;C;;0;;1.76668;612.48;0.06873;BRANCO;67
20;CN;58418.0;D;;0;;2.13023;585.99;0.17556;ROSA;68
21;CN;60133.0;C;;0;;3.08201;630.96;0.21834;AZUL;49
21;CN;60134.0;D;;0;;1.64897;505.73;0.10661;AMARELO;50
21;CN;60132.0;E;;0;;0.84679;416.04;0.00135;BRANCO;51
21;CN;60134.0;D;;0;;1.64897;505.73;0.10661;ROSA;52
21;CN;58856.0;C;;0;;1.76668;612.48;0.06873;AZUL;65
21;CN;58418.0;D;;0;;2.13023;585.99;0.17556;AMARELO;66
21;CN;58418.0;D;;0;;2.13023;585.99;0.17556;BRANCO;67
21;CN;58856.0;C;;0;;1.76668;612.48;0.06873;ROSA;68
22;CN;60134.0;D;;0;;1.64897;505.73;0.10661;AZUL;49
22;CN;60133.0;C;;0;;3.08201;630.96;0.21834;AMARELO;50
22;CN;60134.0;D;;0;;1.64897;505.73;0.10661;BRANCO;51
22;CN;60133.0;C;;0;;3.08201;630.96;0.21834;ROSA;52
22;CN;58456.0;B;;0;;2.81132;608.54;0.15944;AZUL;65
22;CN;58456.0;B;;0;;2.81132;608.54;0.15944;AMARELO;66
22;CN;58456.0;B;;0;;2.81132;608.54;0.15944;BRANCO;67
22;CN;58456.0;B;;0;;2.81132;608.54;0.15944;ROSA;68
23;CN;60135.0;E;;0;;1.60996;799.30;0.27309;AZUL;49
23;CN;60135.0;E;;0;;1.60996;799.30;0.27309;AMARELO;50
23;CN;60135.0;E;;0;;1.60996;799.30;0.27309;BRANCO;51
23;CN;60135.0;E;;0;;1.60996;799.30;0.27309;ROSA;52
23;CN;58851.0;D;;0;;2.1441;612.62;0.1958;AZUL;65
23;CN;58851.0;D;;0;;2.1441;612.62;0.1958;AMARELO;66
23;CN;58851.0;D;;0;;2.1441;612.62;0.1958;BRANCO;67
23;CN;58851.0;D;;0;;2.1441;612.62;0.1958;ROSA;68
24;CN;57978.0;A;;0;;2.46597;679.36;0.14032;AZUL;49
24;CN;57978.0;A;;0;;2.46597;679.36;0.14032;AMARELO;50
24;CN;57978.0;A;;0;;2.46597;679.36;0.14032;BRANCO;51
24;CN;57978.0;A;;0;;2.46597;679.36;0.14032;ROSA;52
24;CN;58009.0;B;;0;;1.03245;623.49;0.12791;AZUL;65
24;CN;58009.0;B;;0;;1.03245;623.49;0.12791;AMARELO;66
24;CN;57887.0;C;;0;;1.03878;622.65;0.15841;BRANCO;67
24;CN;59231.0;A;;0;;1.86332;614.88;0.1245;ROSA;68
25;CN;60136.0;B;;0;;2.29092;687.02;0.18203;AZUL;49
25;CN;60138.0;D;;1;Năo permitiu a convergęncia do algoritmo de estimaçăo da TRI;;nan;;AMARELO;50
25;CN;60137.0;D;;0;;2.0613;685.24;0.15794;BRANCO;51
25;CN;60139.0;B;;0;;0.73207;733.29;0.16515;ROSA;52
25;CN;59231.0;A;;0;;1.86332;614.88;0.1245;AZUL;65
25;CN;57887.0;C;;0;;1.03878;622.65;0.15841;AMARELO;66
25;CN;59231.0;A;;0;;1.86332;614.88;0.1245;BRANCO;67
25;CN;57887.0;C;;0;;1.03878;622.65;0.15841;ROSA;68
26;CN;60137.0;D;;0;;2.0613;685.24;0.15794;AZUL;49
26;CN;60136.0;B;;0;;2.29092;687.02;0.18203;AMARELO;50
26;CN;60136.0;B;;0;;2.29092;687.02;0.18203;BRANCO;51
26;CN;60136.0;B;;0;;2.29092;687.02;0.18203;ROSA;52
26;CN;57887.0;C;;0;;1.03878;622.65;0.15841;AZUL;65
26;CN;59231.0;A;;0;;1.86332;614.88;0.1245;AMARELO;66
26;CN;58009.0;B;;0;;1.03245;623.49;0.12791;BRANCO;67
26;CN;58009.0;B;;0;;1.03245;623.49;0.12791;ROSA;68
27;CN;60138.0;D;;1;Năo permitiu a convergęncia do algoritmo de estimaçăo da TRI;;nan;;AZUL;49
27;CN;60137.0;D;;0;;2.0613;685.24;0.15794;AMARELO;50
27;CN;60138.0;D;;1;Năo permitiu a convergęncia do algoritmo de estimaçăo da TRI;;nan;;BRANCO;51
27;CN;60137.0;D;;0;;2.0613;685.24;0.15794;ROSA;52
27;CN;59288.0;B;;0;;1.88362;629.85;0.14575;AZUL;65
27;CN;59288.0;B;;0;;1.88362;629.85;0.14575;AMARELO;66
27;CN;59288.0;B;;0;;1.88362;629.85;0.14575;BRANCO;67
27;CN;59288.0;B;;0;;1.88362;629.85;0.14575;ROSA;68
28;CN;60139.0;B;;0;;0.73207;733.29;0.16515;AZUL;49
28;CN;60139.0;B;;0;;0.73207;733.29;0.16515;AMARELO;50
28;CN;60139.0;B;;0;;0.73207;733.29;0.16515;BRANCO;51
28;CN;60138.0;D;;1;Năo permitiu a convergęncia do algoritmo de estimaçăo da TRI;;nan;;ROSA;52
28;CN;58007.0;A;;0;;1.59435;641.58;0.12824;AZUL;65
28;CN;58380.0;B;;0;;2.75743;638.32;0.18707;AMARELO;66
28;CN;58380.0;B;;0;;2.75743;638.32;0.18707;BRANCO;67
28;CN;58380.0;B;;0;;2.75743;638.32;0.18707;ROSA;68
29;CN;57968.0;D;;0;;2.79346;678.31;0.2763;AZUL;49
29;CN;57968.0;D;;0;;2.79346;678.31;0.2763;AMARELO;50
29;CN;57968.0;D;;0;;2.79346;678.31;0.2763;BRANCO;51
29;CN;57968.0;D;;0;;2.79346;678.31;0.2763;ROSA;52
29;CN;58380.0;B;;0;;2.75743;638.32;0.18707;AZUL;65
29;CN;58007.0;A;;0;;1.59435;641.58;0.12824;AMARELO;66
29;CN;58007.0;A;;0;;1.59435;641.58;0.12824;BRANCO;67
29;CN;58007.0;A;;0;;1.59435;641.58;0.12824;ROSA;68
30;CN;60140.0;D;;0;;3.44212;754.98;0.14339;AZUL;49
30;CN;60142.0;B;;0;;0.82821;692.00;0.20297;AMARELO;50
30;CN;60141.0;E;;1;Năo permitiu a convergęncia do algoritmo de estimaçăo da TRI;;nan;;BRANCO;51
30;CN;60142.0;B;;0;;0.82821;692.00;0.20297;ROSA;52
30;CN;59242.0;C;;0;;1.05636;642.74;0.12618;AZUL;65
30;CN;59318.0;D;;0;;1.34196;656.39;0.12914;AMARELO;66
30;CN;59318.0;D;;0;;1.34196;656.39;0.12914;BRANCO;67
30;CN;59242.0;C;;0;;1.05636;642.74;0.12618;ROSA;68
31;CN;60141.0;E;;1;Năo permitiu a convergęncia do algoritmo de estimaçăo da TRI;;nan;;AZUL;49
31;CN;60140.0;D;;0;;3.44212;754.98;0.14339;AMARELO;50
31;CN;60140.0;D;;0;;3.44212;754.98;0.14339;BRANCO;51
31;CN;60140.0;D;;0;;3.44212;754.98;0.14339;ROSA;52
31;CN;59318.0;D;;0;;1.34196;656.39;0.12914;AZUL;65
31;CN;59242.0;C;;0;;1.05636;642.74;0.12618;AMARELO;66
31;CN;59242.0;C;;0;;1.05636;642.74;0.12618;BRANCO;67
31;CN;59318.0;D;;0;;1.34196;656.39;0.12914;ROSA;68
32;CN;60142.0;B;;0;;0.82821;692.00;0.20297;AZUL;49
32;CN;60141.0;E;;1;Năo permitiu a convergęncia do algoritmo de estimaçăo da TRI;;nan;;AMARELO;50
32;CN;60142.0;B;;0;;0.82821;692.00;0.20297;BRANCO;51
32;CN;60141.0;E;;1;Năo permitiu a convergęncia do algoritmo de estimaçăo da TRI;;nan;;ROSA;52
32;CN;58849.0;D;;0;;2.77832;661.43;0.18783;AZUL;65
32;CN;58849.0;D;;0;;2.77832;661.43;0.18783;AMARELO;66
32;CN;58849.0;D;;0;;2.77832;661.43;0.18783;BRANCO;67
32;CN;58849.0;D;;0;;2.77832;661.43;0.18783;ROSA;68
33;CN;60143.0;C;;0;;2.48605;653.24;0.14059;AZUL;49
33;CN;60143.0;C;;0;;2.48605;653.24;0.14059;AMARELO;50
33;CN;60143.0;C;;0;;2.48605;653.24;0.14059;BRANCO;51
33;CN;60143.0;C;;0;;2.48605;653.24;0.14059;ROSA;52
33;CN;59327.0;B;;0;;1.37478;667.30;0.20664;AZUL;65
33;CN;59327.0;B;;0;;1.37478;667.30;0.20664;AMARELO;66
33;CN;59296.0;E;;0;;1.09269;672.30;0.1913;BRANCO;67
33;CN;59296.0;E;;0;;1.09269;672.30;0.1913;ROSA;68
34;CN;59321.0;C;;0;;0.58875;825.83;0.11921;AZUL;49
34;CN;59321.0;C;;0;;0.58875;825.83;0.11921;AMARELO;50
34;CN;59321.0;C;;0;;0.58875;825.83;0.11921;BRANCO;51
34;CN;59321.0;C;;0;;0.58875;825.83;0.11921;ROSA;52
34;CN;59296.0;E;;0;;1.09269;672.30;0.1913;AZUL;65
34;CN;59296.0;E;;0;;1.09269;672.30;0.1913;AMARELO;66
34;CN;59327.0;B;;0;;1.37478;667.30;0.20664;BRANCO;67
34;CN;59327.0;B;;0;;1.37478;667.30;0.20664;ROSA;68
35;CN;60144.0;A;;0;;4.39929;769.33;0.1199;AZUL;49
35;CN;60144.0;A;;0;;4.39929;769.33;0.1199;AMARELO;50
35;CN;60145.0;E;;0;;1.35503;767.52;0.15573;BRANCO;51
35;CN;60144.0;A;;0;;4.39929;769.33;0.1199;ROSA;52
35;CN;59252.0;B;;0;;1.25757;677.74;0.13509;AZUL;65
35;CN;59249.0;B;;0;;1.10698;674.92;0.20057;AMARELO;66
35;CN;59249.0;B;;0;;1.10698;674.92;0.20057;BRANCO;67
35;CN;59252.0;B;;0;;1.25757;677.74;0.13509;ROSA;68
36;CN;60145.0;E;;0;;1.35503;767.52;0.15573;AZUL;49
36;CN;60145.0;E;;0;;1.35503;767.52;0.15573;AMARELO;50
36;CN;60144.0;A;;0;;4.39929;769.33;0.1199;BRANCO;51
36;CN;60145.0;E;;0;;1.35503;767.52;0.15573;ROSA;52
36;CN;59249.0;B;;0;;1.10698;674.92;0.20057;AZUL;65
36;CN;59252.0;B;;0;;1.25757;677.74;0.13509;AMARELO;66
36;CN;59252.0;B;;0;;1.25757;677.74;0.13509;BRANCO;67
36;CN;59249.0;B;;0;;1.10698;674.92;0.20057;ROSA;68
37;CN;60146.0;D;;0;;1.46331;636.07;0.13986;AZUL;49
37;CN;60146.0;D;;0;;1.46331;636.07;0.13986;AMARELO;50
37;CN;60146.0;D;;0;;1.46331;636.07;0.13986;BRANCO;51
37;CN;60146.0;D;;0;;1.46331;636.07;0.13986;ROSA;52
37;CN;58393.0;D;;0;;1.04029;706.54;0.11917;AZUL;65
37;CN;58393.0;D;;0;;1.04029;706.54;0.11917;AMARELO;66
37;CN;58393.0;D;;0;;1.04029;706.54;0.11917;BRANCO;67
37;CN;58393.0;D;;0;;1.04029;706.54;0.11917;ROSA;68
38;CN;60147.0;D;;0;;1.0294;819.85;0.15826;AZUL;49
38;CN;60147.0;D;;0;;1.0294;819.85;0.15826;AMARELO;50
38;CN;60147.0;D;;0;;1.0294;819.85;0.15826;BRANCO;51
38;CN;59311.0;D;;0;;1.25894;613.88;0.21397;ROSA;52
38;CN;60096.0;A;;1;Năo permitiu a convergęncia do algoritmo de estimaçăo da TRI;;nan;;AZUL;65
38;CN;58004.0;E;;0;;1.29191;709.07;0.27417;AMARELO;66
38;CN;58004.0;E;;0;;1.29191;709.07;0.27417;BRANCO;67
38;CN;60096.0;A;;1;Năo permitiu a convergęncia do algoritmo de estimaçăo da TRI;;nan;;ROSA;68
39;CN;58396.0;B;;0;;1.84597;763.75;0.2288;AZUL;49
39;CN;58396.0;B;;0;;1.84597;763.75;0.2288;AMARELO;50
39;CN;58396.0;B;;0;;1.84597;763.75;0.2288;BRANCO;51
39;CN;58396.0;B;;0;;1.84597;763.75;0.2288;ROSA;52
39;CN;58004.0;E;;0;;1.29191;709.07;0.27417;AZUL;65
39;CN;60096.0;A;;1;Năo permitiu a convergęncia do algoritmo de estimaçăo da TRI;;nan;;AMARELO;66
39;CN;60096.0;A;;1;Năo permitiu a convergęncia do algoritmo de estimaçăo da TRI;;nan;;BRANCO;67
39;CN;58004.0;E;;0;;1.29191;709.07;0.27417;ROSA;68
40;CN;59311.0;D;;0;;1.25894;613.88;0.21397;AZUL;49
40;CN;60148.0;A;;0;;0.88424;835.51;0.18393;AMARELO;50
40;CN;59311.0;D;;0;;1.25894;613.88;0.21397;BRANCO;51
40;CN;60148.0;A;;0;;0.88424;835.51;0.18393;ROSA;52
40;CN;58855.0;C;;0;;2.21662;695.21;0.19071;AZUL;65
40;CN;58855.0;C;;0;;2.21662;695.21;0.19071;AMARELO;66
40;CN;59206.0;E;;0;;0.98065;743.20;0.1551;BRANCO;67
40;CN;59206.0;E;;0;;0.98065;743.20;0.1551;ROSA;68
41;CN;60148.0;A;;0;;0.88424;835.51;0.18393;AZUL;49
41;CN;59311.0;D;;0;;1.25894;613.88;0.21397;AMARELO;50
41;CN;60148.0;A;;0;;0.88424;835.51;0.18393;BRANCO;51
41;CN;60147.0;D;;0;;1.0294;819.85;0.15826;ROSA;52
41;CN;59206.0;E;;0;;0.98065;743.20;0.1551;AZUL;65
41;CN;59206.0;E;;0;;0.98065;743.20;0.1551;AMARELO;66
41;CN;58855.0;C;;0;;2.21662;695.21;0.19071;BRANCO;67
41;CN;58855.0;C;;0;;2.21662;695.21;0.19071;ROSA;68
42;CN;60149.0;E;;0;;1.02809;696.31;0.14178;AZUL;49
42;CN;60149.0;E;;0;;1.02809;696.31;0.14178;AMARELO;50
42;CN;60150.0;A;;0;;1.02838;749.03;0.16236;BRANCO;51
42;CN;60150.0;A;;0;;1.02838;749.03;0.16236;ROSA;52
42;CN;60095.0;C;;1;Năo permitiu a convergęncia do algoritmo de estimaçăo da TRI;;nan;;AZUL;65
42;CN;60095.0;C;;1;Năo permitiu a convergęncia do algoritmo de estimaçăo da TRI;;nan;;AMARELO;66
42;CN;60095.0;C;;1;Năo permitiu a convergęncia do algoritmo de estimaçăo da TRI;;nan;;BRANCO;67
42;CN;60095.0;C;;1;Năo permitiu a convergęncia do algoritmo de estimaçăo da TRI;;nan;;ROSA;68
43;CN;60150.0;A;;0;;1.02838;749.03;0.16236;AZUL;49
43;CN;60150.0;A;;0;;1.02838;749.03;0.16236;AMARELO;50
43;CN;60149.0;E;;0;;1.02809;696.31;0.14178;BRANCO;51
43;CN;60149.0;E;;0;;1.02809;696.31;0.14178;ROSA;52
43;CN;59352.0;D;;0;;1.34076;753.51;0.28407;AZUL;65
43;CN;59352.0;D;;0;;1.34076;753.51;0.28407;AMARELO;66
43;CN;59352.0;D;;0;;1.34076;753.51;0.28407;BRANCO;67
43;CN;59352.0;D;;0;;1.34076;753.51;0.28407;ROSA;68
44;CN;60151.0;D;;0;;3.87444;743.91;0.19895;AZUL;49
44;CN;60152.0;B;;0;;2.3687;722.20;0.14035;AMARELO;50
44;CN;60151.0;D;;0;;3.87444;743.91;0.19895;BRANCO;51
44;CN;60151.0;D;;0;;3.87444;743.91;0.19895;ROSA;52
44;CN;58390.0;B;;0;;1.4458;705.61;0.27277;AZUL;65
44;CN;58390.0;B;;0;;1.4458;705.61;0.27277;AMARELO;66
44;CN;58390.0;B;;0;;1.4458;705.61;0.27277;BRANCO;67
44;CN;58390.0;B;;0;;1.4458;705.61;0.27277;ROSA;68
45;CN;60152.0;B;;0;;2.3687;722.20;0.14035;AZUL;49
45;CN;60151.0;D;;0;;3.87444;743.91;0.19895;AMARELO;50
45;CN;60152.0;B;;0;;2.3687;722.20;0.14035;BRANCO;51
45;CN;60152.0;B;;0;;2.3687;722.20;0.14035;ROSA;52
45;CN;59276.0;D;;0;;1.55108;758.17;0.17923;AZUL;65
45;CN;59276.0;D;;0;;1.55108;758.17;0.17923;AMARELO;66
45;CN;59276.0;D;;0;;1.55108;758.17;0.17923;BRANCO;67
45;CN;59276.0;D;;0;;1.55108;758.17;0.17923;ROSA;68
91;LC;60123.0;D;21.0;0;;0.78056;442.68;0.0065;AMARELO;57
91;LC;60125.0;A;13.0;0;;0.97081;646.05;0.24029;CINZA;58
91;LC;60125.0;A;13.0;0;;0.97081;646.05;0.24029;AZUL;59
91;LC;60125.0;A;13.0;0;;0.97081;646.05;0.24029;ROSA;60
91;LC;59611.0;C;;0;;1.75009;542.27;0.1815;AMARELO;73
91;LC;59611.0;C;;0;;1.75009;542.27;0.1815;CINZA;74
91;LC;59611.0;C;;0;;1.75009;542.27;0.1815;AZUL;75
91;LC;59611.0;C;;0;;1.75009;542.27;0.1815;ROSA;76
92;LC;60124.0;A;26.0;0;;1.62594;482.71;0.25434;AMARELO;57
92;LC;60123.0;D;21.0;0;;0.78056;442.68;0.0065;CINZA;58
92;LC;60124.0;A;26.0;0;;1.62594;482.71;0.25434;AZUL;59
92;LC;60123.0;D;21.0;0;;0.78056;442.68;0.0065;ROSA;60
92;LC;59660.0;D;;0;;1.39266;461.75;0.26738;AMARELO;73
92;LC;59660.0;D;;0;;1.39266;461.75;0.26738;CINZA;74
92;LC;59660.0;D;;0;;1.39266;461.75;0.26738;AZUL;75
92;LC;59660.0;D;;0;;1.39266;461.75;0.26738;ROSA;76
93;LC;60125.0;A;13.0;0;;0.97081;646.05;0.24029;AMARELO;57
93;LC;60124.0;A;26.0;0;;1.62594;482.71;0.25434;CINZA;58
93;LC;60123.0;D;21.0;0;;0.78056;442.68;0.0065;AZUL;59
93;LC;60124.0;A;26.0;0;;1.62594;482.71;0.25434;ROSA;60
93;LC;59688.0;E;;0;;2.03539;492.64;0.12125;AMARELO;73
93;LC;59688.0;E;;0;;2.03539;492.64;0.12125;CINZA;74
93;LC;59688.0;E;;0;;2.03539;492.64;0.12125;AZUL;75
93;LC;59688.0;E;;0;;2.03539;492.64;0.12125;ROSA;76
94;LC;60153.0;D;9.0;0;;0.17448;672.69;0.03047;AMARELO;57
94;LC;60153.0;D;9.0;0;;0.17448;672.69;0.03047;CINZA;58
94;LC;60154.0;A;13.0;0;;1.49931;535.06;0.19376;AZUL;59
94;LC;60154.0;A;13.0;0;;1.49931;535.06;0.19376;ROSA;60
94;LC;59111.0;C;;0;;1.40259;467.19;0.1761;AMARELO;73
94;LC;60094.0;D;;0;;1.31853;430.45;0.11694;CINZA;74
94;LC;60094.0;D;;0;;1.31853;430.45;0.11694;AZUL;75
94;LC;59111.0;C;;0;;1.40259;467.19;0.1761;ROSA;76
95;LC;60154.0;A;13.0;0;;1.49931;535.06;0.19376;AMARELO;57
95;LC;60154.0;A;13.0;0;;1.49931;535.06;0.19376;CINZA;58
95;LC;60153.0;D;9.0;0;;0.17448;672.69;0.03047;AZUL;59
95;LC;60153.0;D;9.0;0;;0.17448;672.69;0.03047;ROSA;60
95;LC;60094.0;D;;0;;1.31853;430.45;0.11694;AMARELO;73
95;LC;59111.0;C;;0;;1.40259;467.19;0.1761;CINZA;74
95;LC;59111.0;C;;0;;1.40259;467.19;0.1761;AZUL;75
95;LC;60094.0;D;;0;;1.31853;430.45;0.11694;ROSA;76
96;LC;60155.0;D;25.0;0;;2.15636;639.51;0.26674;AMARELO;57
96;LC;60155.0;D;25.0;0;;2.15636;639.51;0.26674;CINZA;58
96;LC;60157.0;C;21.0;0;;1.2238;636.54;0.12418;AZUL;59
96;LC;60156.0;D;2.0;0;;1.29165;240.22;0.02174;ROSA;60
96;LC;59521.0;D;;0;;1.51371;529.72;0.10295;AMARELO;73
96;LC;59521.0;D;;0;;1.51371;529.72;0.10295;CINZA;74
96;LC;59521.0;D;;0;;1.51371;529.72;0.10295;AZUL;75
96;LC;59521.0;D;;0;;1.51371;529.72;0.10295;ROSA;76
97;LC;60156.0;D;2.0;0;;1.29165;240.22;0.02174;AMARELO;57
97;LC;60157.0;C;21.0;0;;1.2238;636.54;0.12418;CINZA;58
97;LC;60156.0;D;2.0;0;;1.29165;240.22;0.02174;AZUL;59
97;LC;60157.0;C;21.0;0;;1.2238;636.54;0.12418;ROSA;60
97;LC;58199.0;E;;0;;0.65996;588.21;0.16965;AMARELO;73
97;LC;58199.0;E;;0;;0.65996;588.21;0.16965;CINZA;74
97;LC;58199.0;E;;0;;0.65996;588.21;0.16965;AZUL;75
97;LC;58199.0;E;;0;;0.65996;588.21;0.16965;ROSA;76
98;LC;60157.0;C;21.0;0;;1.2238;636.54;0.12418;AMARELO;57
98;LC;60156.0;D;2.0;0;;1.29165;240.22;0.02174;CINZA;58
98;LC;60155.0;D;25.0;0;;2.15636;639.51;0.26674;AZUL;59
98;LC;60155.0;D;25.0;0;;2.15636;639.51;0.26674;ROSA;60
98;LC;59164.0;E;;0;;1.46584;545.34;0.13906;AMARELO;73
98;LC;59164.0;E;;0;;1.46584;545.34;0.13906;CINZA;74
98;LC;59164.0;E;;0;;1.46584;545.34;0.13906;AZUL;75
98;LC;59164.0;E;;0;;1.46584;545.34;0.13906;ROSA;76
99;LC;59578.0;C;15.0;0;;1.76673;616.02;0.16401;AMARELO;57
99;LC;59578.0;C;15.0;0;;1.76673;616.02;0.16401;CINZA;58
99;LC;59578.0;C;15.0;0;;1.76673;616.02;0.16401;AZUL;59
99;LC;59578.0;C;15.0;0;;1.76673;616.02;0.16401;ROSA;60
99;LC;59553.0;C;;0;;1.41779;548.87;0.12741;AMARELO;73
99;LC;59553.0;C;;0;;1.41779;548.87;0.12741;CINZA;74
99;LC;59143.0;B;;0;;1.73884;529.28;0.21977;AZUL;75
99;LC;59691.0;D;;0;;2.37163;571.07;0.18134;ROSA;76
100;LC;60158.0;C;12.0;0;;1.53006;457.58;0.17888;AMARELO;57
100;LC;60158.0;C;12.0;0;;1.53006;457.58;0.17888;CINZA;58
100;LC;60160.0;E;19.0;0;;1.33407;475.38;0.14923;AZUL;59
100;LC;60160.0;E;19.0;0;;1.33407;475.38;0.14923;ROSA;60
100;LC;59691.0;D;;0;;2.37163;571.07;0.18134;AMARELO;73
100;LC;59143.0;B;;0;;1.73884;529.28;0.21977;CINZA;74
100;LC;59691.0;D;;0;;2.37163;571.07;0.18134;AZUL;75
100;LC;59143.0;B;;0;;1.73884;529.28;0.21977;ROSA;76
101;LC;;X;;1;Pedagógico;;nan;;AMARELO;57
101;LC;60160.0;E;19.0;0;;1.33407;475.38;0.14923;CINZA;58
101;LC;;X;;1;Pedagógico;;nan;;AZUL;59
101;LC;;X;;1;Pedagógico;;nan;;ROSA;60
101;LC;59143.0;B;;0;;1.73884;529.28;0.21977;AMARELO;73
101;LC;59691.0;D;;0;;2.37163;571.07;0.18134;CINZA;74
101;LC;59553.0;C;;0;;1.41779;548.87;0.12741;AZUL;75
101;LC;58205.0;A;;0;;3.33804;553.52;0.13236;ROSA;76
102;LC;60160.0;E;19.0;0;;1.33407;475.38;0.14923;AMARELO;57
102;LC;;X;;1;Pedagógico;;nan;;CINZA;58
102;LC;60158.0;C;12.0;0;;1.53006;457.58;0.17888;AZUL;59
102;LC;60158.0;C;12.0;0;;1.53006;457.58;0.17888;ROSA;60
102;LC;58504.0;B;;0;;1.81093;544.51;0.20425;AMARELO;73
102;LC;58504.0;B;;0;;1.81093;544.51;0.20425;CINZA;74
102;LC;58504.0;B;;0;;1.81093;544.51;0.20425;AZUL;75
102;LC;58504.0;B;;0;;1.81093;544.51;0.20425;ROSA;76
103;LC;60161.0;C;10.0;0;;0.74583;343.16;0.00464;AMARELO;57
103;LC;60161.0;C;10.0;0;;0.74583;343.16;0.00464;CINZA;58
103;LC;60161.0;C;10.0;0;;0.74583;343.16;0.00464;AZUL;59
103;LC;60161.0;C;10.0;0;;0.74583;343.16;0.00464;ROSA;60
103;LC;59681.0;C;;0;;1.72849;497.74;0.20339;AMARELO;73
103;LC;59681.0;C;;0;;1.72849;497.74;0.20339;CINZA;74
103;LC;59681.0;C;;0;;1.72849;497.74;0.20339;AZUL;75
103;LC;59681.0;C;;0;;1.72849;497.74;0.20339;ROSA;76
104;LC;59175.0;A;29.0;0;;1.22447;503.76;0.07999;AMARELO;57
104;LC;59175.0;A;29.0;0;;1.22447;503.76;0.07999;CINZA;58
104;LC;59175.0;A;29.0;0;;1.22447;503.76;0.07999;AZUL;59
104;LC;59175.0;A;29.0;0;;1.22447;503.76;0.07999;ROSA;60
104;LC;58205.0;A;;0;;3.33804;553.52;0.13236;AMARELO;73
104;LC;58205.0;A;;0;;3.33804;553.52;0.13236;CINZA;74
104;LC;59137.0;B;;0;;1.87075;514.85;0.13725;AZUL;75
104;LC;59553.0;C;;0;;1.41779;548.87;0.12741;ROSA;76
105;LC;60162.0;D;30.0;0;;1.85103;434.76;0.12666;AMARELO;57
105;LC;60163.0;D;1.0;0;;1.25947;726.65;0.1277;CINZA;58
105;LC;60163.0;D;1.0;0;;1.25947;726.65;0.1277;AZUL;59
105;LC;60163.0;D;1.0;0;;1.25947;726.65;0.1277;ROSA;60
105;LC;59550.0;C;;0;;2.55254;555.07;0.18287;AMARELO;73
105;LC;59137.0;B;;0;;1.87075;514.85;0.13725;CINZA;74
105;LC;59550.0;C;;0;;2.55254;555.07;0.18287;AZUL;75
105;LC;59137.0;B;;0;;1.87075;514.85;0.13725;ROSA;76
106;LC;60163.0;D;1.0;0;;1.25947;726.65;0.1277;AMARELO;57
106;LC;60162.0;D;30.0;0;;1.85103;434.76;0.12666;CINZA;58
106;LC;60162.0;D;30.0;0;;1.85103;434.76;0.12666;AZUL;59
106;LC;60165.0;E;24.0;0;;0.56261;638.73;0.00511;ROSA;60
106;LC;59137.0;B;;0;;1.87075;514.85;0.13725;AMARELO;73
106;LC;59550.0;C;;0;;2.55254;555.07;0.18287;CINZA;74
106;LC;58205.0;A;;0;;3.33804;553.52;0.13236;AZUL;75
106;LC;59550.0;C;;0;;2.55254;555.07;0.18287;ROSA;76
107;LC;60164.0;B;22.0;0;;0.92183;351.67;0.00139;AMARELO;57
107;LC;60165.0;E;24.0;0;;0.56261;638.73;0.00511;CINZA;58
107;LC;60165.0;E;24.0;0;;0.56261;638.73;0.00511;AZUL;59
107;LC;60164.0;B;22.0;0;;0.92183;351.67;0.00139;ROSA;60
107;LC;58228.0;D;;0;;2.26056;606.63;0.20722;AMARELO;73
107;LC;58228.0;D;;0;;2.26056;606.63;0.20722;CINZA;74
107;LC;58228.0;D;;0;;2.26056;606.63;0.20722;AZUL;75
107;LC;58228.0;D;;0;;2.26056;606.63;0.20722;ROSA;76
108;LC;60165.0;E;24.0;0;;0.56261;638.73;0.00511;AMARELO;57
108;LC;60164.0;B;22.0;0;;0.92183;351.67;0.00139;CINZA;58
108;LC;60164.0;B;22.0;0;;0.92183;351.67;0.00139;AZUL;59
108;LC;60162.0;D;30.0;0;;1.85103;434.76;0.12666;ROSA;60
108;LC;58157.0;C;;0;;1.56235;611.88;0.23671;AMARELO;73
108;LC;58157.0;C;;0;;1.56235;611.88;0.23671;CINZA;74
108;LC;58157.0;C;;0;;1.56235;611.88;0.23671;AZUL;75
108;LC;58157.0;C;;0;;1.56235;611.88;0.23671;ROSA;76
109;LC;58219.0;C;25.0;0;;1.55006;591.63;0.18536;AMARELO;57
109;LC;58219.0;C;25.0;0;;1.55006;591.63;0.18536;CINZA;58
109;LC;58219.0;C;25.0;0;;1.55006;591.63;0.18536;AZUL;59
109;LC;58219.0;C;25.0;0;;1.55006;591.63;0.18536;ROSA;60
109;LC;58189.0;E;;0;;1.36274;632.67;0.24729;AMARELO;73
109;LC;59156.0;E;;0;;2.14055;604.83;0.22814;CINZA;74
109;LC;59606.0;B;;0;;1.48874;692.31;0.15779;AZUL;75
109;LC;59606.0;B;;0;;1.48874;692.31;0.15779;ROSA;76
110;LC;60166.0;C;3.0;0;;1.98046;516.09;0.21196;AMARELO;57
110;LC;60166.0;C;3.0;0;;1.98046;516.09;0.21196;CINZA;58
110;LC;60166.0;C;3.0;0;;1.98046;516.09;0.21196;AZUL;59
110;LC;60166.0;C;3.0;0;;1.98046;516.09;0.21196;ROSA;60
110;LC;59156.0;E;;0;;2.14055;604.83;0.22814;AMARELO;73
110;LC;58189.0;E;;0;;1.36274;632.67;0.24729;CINZA;74
110;LC;59156.0;E;;0;;2.14055;604.83;0.22814;AZUL;75
110;LC;58189.0;E;;0;;1.36274;632.67;0.24729;ROSA;76
111;LC;60167.0;D;28.0;0;;1.86134;651.89;0.13794;AMARELO;57
111;LC;60168.0;C;20.0;0;;1.96799;621.79;0.12961;CINZA;58
111;LC;60168.0;C;20.0;0;;1.96799;621.79;0.12961;AZUL;59
111;LC;60169.0;C;12.0;0;;0.95604;512.65;0.07389;ROSA;60
111;LC;59606.0;B;;0;;1.48874;692.31;0.15779;AMARELO;73
111;LC;59606.0;B;;0;;1.48874;692.31;0.15779;CINZA;74
111;LC;58189.0;E;;0;;1.36274;632.67;0.24729;AZUL;75
111;LC;59156.0;E;;0;;2.14055;604.83;0.22814;ROSA;76
112;LC;60168.0;C;20.0;0;;1.96799;621.79;0.12961;AMARELO;57
112;LC;60167.0;D;28.0;0;;1.86134;651.89;0.13794;CINZA;58
112;LC;60169.0;C;12.0;0;;0.95604;512.65;0.07389;AZUL;59
112;LC;60168.0;C;20.0;0;;1.96799;621.79;0.12961;ROSA;60
112;LC;59624.0;D;;0;;2.1892;599.78;0.07685;AMARELO;73
112;LC;59624.0;D;;0;;2.1892;599.78;0.07685;CINZA;74
112;LC;59624.0;D;;0;;2.1892;599.78;0.07685;AZUL;75
112;LC;59624.0;D;;0;;2.1892;599.78;0.07685;ROSA;76
113;LC;60169.0;C;12.0;0;;0.95604;512.65;0.07389;AMARELO;57
113;LC;60169.0;C;12.0;0;;0.95604;512.65;0.07389;CINZA;58
113;LC;60167.0;D;28.0;0;;1.86134;651.89;0.13794;AZUL;59
113;LC;60167.0;D;28.0;0;;1.86134;651.89;0.13794;ROSA;60
113;LC;59570.0;E;;0;;2.06925;504.47;0.08708;AMARELO;73
113;LC;59182.0;D;;0;;1.59951;645.00;0.14949;CINZA;74
113;LC;59575.0;D;;0;;1.82564;609.87;0.16136;AZUL;75
113;LC;59575.0;D;;0;;1.82564;609.87;0.16136;ROSA;76
114;LC;59074.0;D;21.0;0;;0.74469;450.29;0.00117;AMARELO;57
114;LC;59074.0;D;21.0;0;;0.74469;450.29;0.00117;CINZA;58
114;LC;59074.0;D;21.0;0;;0.74469;450.29;0.00117;AZUL;59
114;LC;59074.0;D;21.0;0;;0.74469;450.29;0.00117;ROSA;60
114;LC;59182.0;D;;0;;1.59951;645.00;0.14949;AMARELO;73
114;LC;59570.0;E;;0;;2.06925;504.47;0.08708;CINZA;74
114;LC;59182.0;D;;0;;1.59951;645.00;0.14949;AZUL;75
114;LC;58227.0;C;;0;;1.53189;688.47;0.25248;ROSA;76
115;LC;60170.0;C;14.0;0;;2.04663;581.56;0.23032;AMARELO;57
115;LC;60171.0;E;14.0;0;;1.09239;478.41;0.00408;CINZA;58
115;LC;60171.0;E;14.0;0;;1.09239;478.41;0.00408;AZUL;59
115;LC;60173.0;E;19.0;0;;1.23656;534.02;0.27472;ROSA;60
115;LC;59575.0;D;;0;;1.82564;609.87;0.16136;AMARELO;73
115;LC;59575.0;D;;0;;1.82564;609.87;0.16136;CINZA;74
115;LC;59570.0;E;;0;;2.06925;504.47;0.08708;AZUL;75
115;LC;59182.0;D;;0;;1.59951;645.00;0.14949;ROSA;76
116;LC;60171.0;E;14.0;0;;1.09239;478.41;0.00408;AMARELO;57
116;LC;60170.0;C;14.0;0;;2.04663;581.56;0.23032;CINZA;58
116;LC;60173.0;E;19.0;0;;1.23656;534.02;0.27472;AZUL;59
116;LC;60172.0;D;18.0;0;;0.89413;668.41;0.38803;ROSA;60
116;LC;58227.0;C;;0;;1.53189;688.47;0.25248;AMARELO;73
116;LC;58227.0;C;;0;;1.53189;688.47;0.25248;CINZA;74
116;LC;58227.0;C;;0;;1.53189;688.47;0.25248;AZUL;75
116;LC;59570.0;E;;0;;2.06925;504.47;0.08708;ROSA;76
117;LC;60172.0;D;18.0;0;;0.89413;668.41;0.38803;AMARELO;57
117;LC;60173.0;E;19.0;0;;1.23656;534.02;0.27472;CINZA;58
117;LC;60172.0;D;18.0;0;;0.89413;668.41;0.38803;AZUL;59
117;LC;60171.0;E;14.0;0;;1.09239;478.41;0.00408;ROSA;60
117;LC;58179.0;E;;0;;1.60773;576.65;0.16336;AMARELO;73
117;LC;58179.0;E;;0;;1.60773;576.65;0.16336;CINZA;74
117;LC;58179.0;E;;0;;1.60773;576.65;0.16336;AZUL;75
117;LC;58179.0;E;;0;;1.60773;576.65;0.16336;ROSA;76
118;LC;60173.0;E;19.0;0;;1.23656;534.02;0.27472;AMARELO;57
118;LC;60172.0;D;18.0;0;;0.89413;668.41;0.38803;CINZA;58
118;LC;60170.0;C;14.0;0;;2.04663;581.56;0.23032;AZUL;59
118;LC;60170.0;C;14.0;0;;2.04663;581.56;0.23032;ROSA;60
118;LC;59060.0;B;;0;;1.65848;691.37;0.16974;AMARELO;73
118;LC;59060.0;B;;0;;1.65848;691.37;0.16974;CINZA;74
118;LC;59060.0;B;;0;;1.65848;691.37;0.16974;AZUL;75
118;LC;59060.0;B;;0;;1.65848;691.37;0.16974;ROSA;76
119;LC;59610.0;E;22.0;0;;2.07716;567.59;0.17303;AMARELO;57
119;LC;59610.0;E;22.0;0;;2.07716;567.59;0.17303;CINZA;58
119;LC;59610.0;E;22.0;0;;2.07716;567.59;0.17303;AZUL;59
119;LC;59610.0;E;22.0;0;;2.07716;567.59;0.17303;ROSA;60
119;LC;58168.0;A;;0;;1.40145;696.88;0.12966;AMARELO;73
119;LC;59138.0;C;;0;;1.84157;643.28;0.13065;CINZA;74
119;LC;58168.0;A;;0;;1.40145;696.88;0.12966;AZUL;75
119;LC;58168.0;A;;0;;1.40145;696.88;0.12966;ROSA;76
120;LC;60174.0;D;12.0;0;;1.36999;542.10;0.15831;AMARELO;57
120;LC;60175.0;C;17.0;0;;1.37541;590.58;0.20672;CINZA;58
120;LC;60175.0;C;17.0;0;;1.37541;590.58;0.20672;AZUL;59
120;LC;60175.0;C;17.0;0;;1.37541;590.58;0.20672;ROSA;60
120;LC;59138.0;C;;0;;1.84157;643.28;0.13065;AMARELO;73
120;LC;58168.0;A;;0;;1.40145;696.88;0.12966;CINZA;74
120;LC;59138.0;C;;0;;1.84157;643.28;0.13065;AZUL;75
120;LC;59138.0;C;;0;;1.84157;643.28;0.13065;ROSA;76
121;LC;60175.0;C;17.0;0;;1.37541;590.58;0.20672;AMARELO;57
121;LC;60174.0;D;12.0;0;;1.36999;542.10;0.15831;CINZA;58
121;LC;60177.0;B;23.0;0;;1.80381;614.11;0.24723;AZUL;59
121;LC;60176.0;B;27.0;0;;1.94533;662.98;0.13471;ROSA;60
121;LC;59598.0;C;;0;;1.08684;614.43;0.14406;AMARELO;73
121;LC;59598.0;C;;0;;1.08684;614.43;0.14406;CINZA;74
121;LC;59598.0;C;;0;;1.08684;614.43;0.14406;AZUL;75
121;LC;59598.0;C;;0;;1.08684;614.43;0.14406;ROSA;76
122;LC;60176.0;B;27.0;0;;1.94533;662.98;0.13471;AMARELO;57
122;LC;60177.0;B;23.0;0;;1.80381;614.11;0.24723;CINZA;58
122;LC;60176.0;B;27.0;0;;1.94533;662.98;0.13471;AZUL;59
122;LC;60177.0;B;23.0;0;;1.80381;614.11;0.24723;ROSA;60
122;LC;59651.0;D;;0;;1.36971;647.05;0.15678;AMARELO;73
122;LC;59651.0;D;;0;;1.36971;647.05;0.15678;CINZA;74
122;LC;59651.0;D;;0;;1.36971;647.05;0.15678;AZUL;75
122;LC;59651.0;D;;0;;1.36971;647.05;0.15678;ROSA;76
123;LC;60177.0;B;23.0;0;;1.80381;614.11;0.24723;AMARELO;57
123;LC;60176.0;B;27.0;0;;1.94533;662.98;0.13471;CINZA;58
123;LC;60174.0;D;12.0;0;;1.36999;542.10;0.15831;AZUL;59
123;LC;60174.0;D;12.0;0;;1.36999;542.10;0.15831;ROSA;60
123;LC;59665.0;E;;0;;1.50438;621.61;0.14173;AMARELO;73
123;LC;59632.0;C;;0;;1.9055;569.94;0.23079;CINZA;74
123;LC;59632.0;C;;0;;1.9055;569.94;0.23079;AZUL;75
123;LC;59682.0;E;;0;;1.11766;683.78;0.19427;ROSA;76
124;LC;59561.0;D;16.0;0;;1.03471;596.92;0.13335;AMARELO;57
124;LC;59561.0;D;16.0;0;;1.03471;596.92;0.13335;CINZA;58
124;LC;59561.0;D;16.0;0;;1.03471;596.92;0.13335;AZUL;59
124;LC;59561.0;D;16.0;0;;1.03471;596.92;0.13335;ROSA;60
124;LC;59632.0;C;;0;;1.9055;569.94;0.23079;AMARELO;73
124;LC;59665.0;E;;0;;1.50438;621.61;0.14173;CINZA;74
124;LC;59682.0;E;;0;;1.11766;683.78;0.19427;AZUL;75
124;LC;59030.0;E;;0;;1.51206;579.01;0.14725;ROSA;76
125;LC;60178.0;D;4.0;0;;0.96344;616.35;0.17561;AMARELO;57
125;LC;60178.0;D;4.0;0;;0.96344;616.35;0.17561;CINZA;58
125;LC;60178.0;D;4.0;0;;0.96344;616.35;0.17561;AZUL;59
125;LC;60178.0;D;4.0;0;;0.96344;616.35;0.17561;ROSA;60
125;LC;59030.0;E;;0;;1.51206;579.01;0.14725;AMARELO;73
125;LC;59682.0;E;;0;;1.11766;683.78;0.19427;CINZA;74
125;LC;59030.0;E;;0;;1.51206;579.01;0.14725;AZUL;75
125;LC;59632.0;C;;0;;1.9055;569.94;0.23079;ROSA;76
126;LC;60179.0;D;3.0;0;;1.04158;550.50;0.04293;AMARELO;57
126;LC;60179.0;D;3.0;0;;1.04158;550.50;0.04293;CINZA;58
126;LC;60179.0;D;3.0;0;;1.04158;550.50;0.04293;AZUL;59
126;LC;60179.0;D;3.0;0;;1.04158;550.50;0.04293;ROSA;60
126;LC;59682.0;E;;0;;1.11766;683.78;0.19427;AMARELO;73
126;LC;59030.0;E;;0;;1.51206;579.01;0.14725;CINZA;74
126;LC;59665.0;E;;0;;1.50438;621.61;0.14173;AZUL;75
126;LC;59665.0;E;;0;;1.50438;621.61;0.14173;ROSA;76
127;LC;60180.0;C;23.0;0;;0.96019;500.41;0.0869;AMARELO;57
127;LC;60180.0;C;23.0;0;;0.96019;500.41;0.0869;CINZA;58
127;LC;60180.0;C;23.0;0;;0.96019;500.41;0.0869;AZUL;59
127;LC;60180.0;C;23.0;0;;0.96019;500.41;0.0869;ROSA;60
127;LC;59566.0;B;;0;;0.92531;711.34;0.15871;AMARELO;73
127;LC;59566.0;B;;0;;0.92531;711.34;0.15871;CINZA;74
127;LC;59566.0;B;;0;;0.92531;711.34;0.15871;AZUL;75
127;LC;59566.0;B;;0;;0.92531;711.34;0.15871;ROSA;76
128;LC;60213.0;E;16.0;0;;1.06456;508.77;0.07523;AMARELO;57
128;LC;60213.0;E;16.0;0;;1.06456;508.77;0.07523;CINZA;58
128;LC;60213.0;E;16.0;0;;1.06456;508.77;0.07523;AZUL;59
128;LC;60213.0;E;16.0;0;;1.06456;508.77;0.07523;ROSA;60
128;LC;59680.0;C;;0;;1.62778;687.78;0.23376;AMARELO;73
128;LC;58166.0;D;;0;;1.3057;655.33;0.22187;CINZA;74
128;LC;58166.0;D;;0;;1.3057;655.33;0.22187;AZUL;75
128;LC;59637.0;A;;0;;1.39241;681.30;0.24352;ROSA;76
129;LC;59558.0;E;22.0;0;;2.24182;691.97;0.11021;AMARELO;57
129;LC;59558.0;E;22.0;0;;2.24182;691.97;0.11021;CINZA;58
129;LC;59558.0;E;22.0;0;;2.24182;691.97;0.11021;AZUL;59
129;LC;59558.0;E;22.0;0;;2.24182;691.97;0.11021;ROSA;60
129;LC;58166.0;D;;0;;1.3057;655.33;0.22187;AMARELO;73
129;LC;59680.0;C;;0;;1.62778;687.78;0.23376;CINZA;74
129;LC;59680.0;C;;0;;1.62778;687.78;0.23376;AZUL;75
129;LC;59189.0;B;;0;;1.13996;751.27;0.22387;ROSA;76
130;LC;60214.0;C;17.0;0;;1.41939;694.07;0.18185;AMARELO;57
130;LC;60214.0;C;17.0;0;;1.41939;694.07;0.18185;CINZA;58
130;LC;60214.0;C;17.0;0;;1.41939;694.07;0.18185;AZUL;59
130;LC;60220.0;D;16.0;0;;1.99283;632.13;0.15818;ROSA;60
130;LC;59189.0;B;;0;;1.13996;751.27;0.22387;AMARELO;73
130;LC;59189.0;B;;0;;1.13996;751.27;0.22387;CINZA;74
130;LC;59637.0;A;;0;;1.39241;681.30;0.24352;AZUL;75
130;LC;58166.0;D;;0;;1.3057;655.33;0.22187;ROSA;76
131;LC;60216.0;C;16.0;0;;1.96067;721.35;0.19902;AMARELO;57
131;LC;60216.0;C;16.0;0;;1.96067;721.35;0.19902;CINZA;58
131;LC;60222.0;D;4.0;0;;2.10098;703.88;0.15072;AZUL;59
131;LC;60218.0;C;15.0;0;;2.22631;637.40;0.18124;ROSA;60
131;LC;59637.0;A;;0;;1.39241;681.30;0.24352;AMARELO;73
131;LC;59637.0;A;;0;;1.39241;681.30;0.24352;CINZA;74
131;LC;59189.0;B;;0;;1.13996;751.27;0.22387;AZUL;75
131;LC;59680.0;C;;0;;1.62778;687.78;0.23376;ROSA;76
132;LC;60218.0;C;15.0;0;;2.22631;637.40;0.18124;AMARELO;57
132;LC;60220.0;D;16.0;0;;1.99283;632.13;0.15818;CINZA;58
132;LC;60220.0;D;16.0;0;;1.99283;632.13;0.15818;AZUL;59
132;LC;60221.0;A;11.0;0;;1.30382;631.56;0.17822;ROSA;60
132;LC;59639.0;D;;0;;2.06295;556.29;0.25896;AMARELO;73
132;LC;59639.0;D;;0;;2.06295;556.29;0.25896;CINZA;74
132;LC;59639.0;D;;0;;2.06295;556.29;0.25896;AZUL;75
132;LC;59639.0;D;;0;;2.06295;556.29;0.25896;ROSA;76
133;LC;60220.0;D;16.0;0;;1.99283;632.13;0.15818;AMARELO;57
133;LC;60218.0;C;15.0;0;;2.22631;637.40;0.18124;CINZA;58
133;LC;60218.0;C;15.0;0;;2.22631;637.40;0.18124;AZUL;59
133;LC;60214.0;C;17.0;0;;1.41939;694.07;0.18185;ROSA;60
133;LC;59493.0;E;;0;;1.29568;621.01;0.14848;AMARELO;73
133;LC;59493.0;E;;0;;1.29568;621.01;0.14848;CINZA;74
133;LC;59493.0;E;;0;;1.29568;621.01;0.14848;AZUL;75
133;LC;59493.0;E;;0;;1.29568;621.01;0.14848;ROSA;76
134;LC;60221.0;A;11.0;0;;1.30382;631.56;0.17822;AMARELO;57
134;LC;60221.0;A;11.0;0;;1.30382;631.56;0.17822;CINZA;58
134;LC;60221.0;A;11.0;0;;1.30382;631.56;0.17822;AZUL;59
134;LC;60222.0;D;4.0;0;;2.10098;703.88;0.15072;ROSA;60
134;LC;59147.0;E;;0;;2.48964;625.58;0.16594;AMARELO;73
134;LC;59562.0;B;;0;;0.97253;654.36;0.16689;CINZA;74
134;LC;59562.0;B;;0;;0.97253;654.36;0.16689;AZUL;75
134;LC;59147.0;E;;0;;2.48964;625.58;0.16594;ROSA;76
135;LC;60222.0;D;4.0;0;;2.10098;703.88;0.15072;AMARELO;57
135;LC;60222.0;D;4.0;0;;2.10098;703.88;0.15072;CINZA;58
135;LC;60216.0;C;16.0;0;;1.96067;721.35;0.19902;AZUL;59
135;LC;60216.0;C;16.0;0;;1.96067;721.35;0.19902;ROSA;60
135;LC;59562.0;B;;0;;0.97253;654.36;0.16689;AMARELO;73
135;LC;59147.0;E;;0;;2.48964;625.58;0.16594;CINZA;74
135;LC;59147.0;E;;0;;2.48964;625.58;0.16594;AZUL;75
135;LC;59562.0;B;;0;;0.97253;654.36;0.16689;ROSA;76
136;MT;60226.0;D;12.0;0;;2.70316;628.87;0.13945;AMARELO;61
136;MT;60227.0;E;24.0;0;;2.4516;726.16;0.07674;CINZA;62
136;MT;60229.0;A;24.0;0;;3.40407;710.24;0.10698;AZUL;63
136;MT;60226.0;D;12.0;0;;2.70316;628.87;0.13945;ROSA;64
136;MT;58973.0;B;;0;;2.47441;577.24;0.16687;AMARELO;77
136;MT;58973.0;B;;0;;2.47441;577.24;0.16687;CINZA;78
136;MT;58973.0;B;;0;;2.47441;577.24;0.16687;AZUL;79
136;MT;58973.0;B;;0;;2.47441;577.24;0.16687;ROSA;80
137;MT;60227.0;E;24.0;0;;2.4516;726.16;0.07674;AMARELO;61
137;MT;60228.0;C;28.0;0;;2.18226;725.81;0.24918;CINZA;62
137;MT;60226.0;D;12.0;0;;2.70316;628.87;0.13945;AZUL;63
137;MT;60229.0;A;24.0;0;;3.40407;710.24;0.10698;ROSA;64
137;MT;58783.0;C;;0;;2.1714;598.00;0.19773;AMARELO;77
137;MT;58783.0;C;;0;;2.1714;598.00;0.19773;CINZA;78
137;MT;58783.0;C;;0;;2.1714;598.00;0.19773;AZUL;79
137;MT;58783.0;C;;0;;2.1714;598.00;0.19773;ROSA;80
138;MT;60228.0;C;28.0;0;;2.18226;725.81;0.24918;AMARELO;61
138;MT;60226.0;D;12.0;0;;2.70316;628.87;0.13945;CINZA;62
138;MT;60227.0;E;24.0;0;;2.4516;726.16;0.07674;AZUL;63
138;MT;60228.0;C;28.0;0;;2.18226;725.81;0.24918;ROSA;64
138;MT;58700.0;D;;0;;1.79227;509.80;0.08049;AMARELO;77
138;MT;59002.0;E;;0;;1.95147;464.72;0.13498;CINZA;78
138;MT;59002.0;E;;0;;1.95147;464.72;0.13498;AZUL;79
138;MT;58700.0;D;;0;;1.79227;509.80;0.08049;ROSA;80
139;MT;60229.0;A;24.0;0;;3.40407;710.24;0.10698;AMARELO;61
139;MT;60229.0;A;24.0;0;;3.40407;710.24;0.10698;CINZA;62
139;MT;60228.0;C;28.0;0;;2.18226;725.81;0.24918;AZUL;63
139;MT;60227.0;E;24.0;0;;2.4516;726.16;0.07674;ROSA;64
139;MT;59002.0;E;;0;;1.95147;464.72;0.13498;AMARELO;77
139;MT;58700.0;D;;0;;1.79227;509.80;0.08049;CINZA;78
139;MT;58700.0;D;;0;;1.79227;509.80;0.08049;AZUL;79
139;MT;59002.0;E;;0;;1.95147;464.72;0.13498;ROSA;80
140;MT;60230.0;D;23.0;0;;1.76793;579.75;0.17243;AMARELO;61
140;MT;60230.0;D;23.0;0;;1.76793;579.75;0.17243;CINZA;62
140;MT;60231.0;C;18.0;0;;2.86703;691.26;0.19442;AZUL;63
140;MT;60231.0;C;18.0;0;;2.86703;691.26;0.19442;ROSA;64
140;MT;58599.0;C;;0;;1.52532;563.29;0.18496;AMARELO;77
140;MT;57721.0;E;;0;;1.87615;572.71;0.1638;CINZA;78
140;MT;58599.0;C;;0;;1.52532;563.29;0.18496;AZUL;79
140;MT;58599.0;C;;0;;1.52532;563.29;0.18496;ROSA;80
141;MT;60231.0;C;18.0;0;;2.86703;691.26;0.19442;AMARELO;61
141;MT;60231.0;C;18.0;0;;2.86703;691.26;0.19442;CINZA;62
141;MT;60230.0;D;23.0;0;;1.76793;579.75;0.17243;AZUL;63
141;MT;60230.0;D;23.0;0;;1.76793;579.75;0.17243;ROSA;64
141;MT;57721.0;E;;0;;1.87615;572.71;0.1638;AMARELO;77
141;MT;58599.0;C;;0;;1.52532;563.29;0.18496;CINZA;78
141;MT;57721.0;E;;0;;1.87615;572.71;0.1638;AZUL;79
141;MT;57721.0;E;;0;;1.87615;572.71;0.1638;ROSA;80
142;MT;60232.0;E;26.0;0;;1.38979;627.33;0.18155;AMARELO;61
142;MT;60233.0;D;24.0;0;;2.02435;759.98;0.15523;CINZA;62
142;MT;60232.0;E;26.0;0;;1.38979;627.33;0.18155;AZUL;63
142;MT;60233.0;D;24.0;0;;2.02435;759.98;0.15523;ROSA;64
142;MT;58641.0;B;;0;;1.35927;607.90;0.18273;AMARELO;77
142;MT;58641.0;B;;0;;1.35927;607.90;0.18273;CINZA;78
142;MT;58641.0;B;;0;;1.35927;607.90;0.18273;AZUL;79
142;MT;58641.0;B;;0;;1.35927;607.90;0.18273;ROSA;80
143;MT;60233.0;D;24.0;0;;2.02435;759.98;0.15523;AMARELO;61
143;MT;60232.0;E;26.0;0;;1.38979;627.33;0.18155;CINZA;62
143;MT;60233.0;D;24.0;0;;2.02435;759.98;0.15523;AZUL;63
143;MT;60232.0;E;26.0;0;;1.38979;627.33;0.18155;ROSA;64
143;MT;59360.0;A;;0;;3.06331;590.39;0.17966;AMARELO;77
143;MT;59360.0;A;;0;;3.06331;590.39;0.17966;CINZA;78
143;MT;59360.0;A;;0;;3.06331;590.39;0.17966;AZUL;79
143;MT;59360.0;A;;0;;3.06331;590.39;0.17966;ROSA;80
144;MT;58672.0;D;1.0;0;;3.55003;741.72;0.23666;AMARELO;61
144;MT;58672.0;D;1.0;0;;3.55003;741.72;0.23666;CINZA;62
144;MT;58672.0;D;1.0;0;;3.55003;741.72;0.23666;AZUL;63
144;MT;58672.0;D;1.0;0;;3.55003;741.72;0.23666;ROSA;64
144;MT;58791.0;C;;0;;1.69197;611.46;0.12361;AMARELO;77
144;MT;58626.0;D;;0;;3.5369;651.29;0.16901;CINZA;78
144;MT;58791.0;C;;0;;1.69197;611.46;0.12361;AZUL;79
144;MT;58791.0;C;;0;;1.69197;611.46;0.12361;ROSA;80
145;MT;60235.0;C;6.0;0;;1.21921;513.08;0.08474;AMARELO;61
145;MT;60235.0;C;6.0;0;;1.21921;513.08;0.08474;CINZA;62
145;MT;60237.0;C;29.0;0;;4.3337;747.57;0.1023;AZUL;63
145;MT;60241.0;A;26.0;0;;1.51401;602.66;0.15914;ROSA;64
145;MT;58626.0;D;;0;;3.5369;651.29;0.16901;AMARELO;77
145;MT;58791.0;C;;0;;1.69197;611.46;0.12361;CINZA;78
145;MT;58626.0;D;;0;;3.5369;651.29;0.16901;AZUL;79
145;MT;58626.0;D;;0;;3.5369;651.29;0.16901;ROSA;80
146;MT;60237.0;C;29.0;0;;4.3337;747.57;0.1023;AMARELO;61
146;MT;60237.0;C;29.0;0;;4.3337;747.57;0.1023;CINZA;62
146;MT;60241.0;A;26.0;0;;1.51401;602.66;0.15914;AZUL;63
146;MT;60237.0;C;29.0;0;;4.3337;747.57;0.1023;ROSA;64
146;MT;59430.0;C;;0;;3.21411;640.45;0.22162;AMARELO;77
146;MT;59430.0;C;;0;;3.21411;640.45;0.22162;CINZA;78
146;MT;59430.0;C;;0;;3.21411;640.45;0.22162;AZUL;79
146;MT;59430.0;C;;0;;3.21411;640.45;0.22162;ROSA;80
147;MT;60239.0;D;24.0;0;;0.2988;854.92;0.08531;AMARELO;61
147;MT;60241.0;A;26.0;0;;1.51401;602.66;0.15914;CINZA;62
147;MT;60235.0;C;6.0;0;;1.21921;513.08;0.08474;AZUL;63
147;MT;60235.0;C;6.0;0;;1.21921;513.08;0.08474;ROSA;64
147;MT;59408.0;B;;0;;1.80866;644.78;0.25772;AMARELO;77
147;MT;59408.0;B;;0;;1.80866;644.78;0.25772;CINZA;78
147;MT;59408.0;B;;0;;1.80866;644.78;0.25772;AZUL;79
147;MT;59408.0;B;;0;;1.80866;644.78;0.25772;ROSA;80
148;MT;60241.0;A;26.0;0;;1.51401;602.66;0.15914;AMARELO;61
148;MT;60239.0;D;24.0;0;;0.2988;854.92;0.08531;CINZA;62
148;MT;60239.0;D;24.0;0;;0.2988;854.92;0.08531;AZUL;63
148;MT;60239.0;D;24.0;0;;0.2988;854.92;0.08531;ROSA;64
148;MT;58606.0;A;;0;;2.51733;646.49;0.15018;AMARELO;77
148;MT;59372.0;D;;0;;1.19749;686.99;0.21683;CINZA;78
148;MT;59446.0;E;;0;;2.74718;693.15;0.2437;AZUL;79
148;MT;59005.0;E;;0;;2.39541;680.66;0.15763;ROSA;80
149;MT;59484.0;E;7.0;0;;1.01912;403.34;0.0063;AMARELO;61
149;MT;59484.0;E;7.0;0;;1.01912;403.34;0.0063;CINZA;62
149;MT;59484.0;E;7.0;0;;1.01912;403.34;0.0063;AZUL;63
149;MT;59484.0;E;7.0;0;;1.01912;403.34;0.0063;ROSA;64
149;MT;59372.0;D;;0;;1.19749;686.99;0.21683;AMARELO;77
149;MT;58606.0;A;;0;;2.51733;646.49;0.15018;CINZA;78
149;MT;59005.0;E;;0;;2.39541;680.66;0.15763;AZUL;79
149;MT;59446.0;E;;0;;2.74718;693.15;0.2437;ROSA;80
150;MT;60243.0;D;27.0;0;;2.13467;688.59;0.17527;AMARELO;61
150;MT;60243.0;D;27.0;0;;2.13467;688.59;0.17527;CINZA;62
150;MT;60243.0;D;27.0;0;;2.13467;688.59;0.17527;AZUL;63
150;MT;60243.0;D;27.0;0;;2.13467;688.59;0.17527;ROSA;64
150;MT;59005.0;E;;0;;2.39541;680.66;0.15763;AMARELO;77
150;MT;59446.0;E;;0;;2.74718;693.15;0.2437;CINZA;78
150;MT;59372.0;D;;0;;1.19749;686.99;0.21683;AZUL;79
150;MT;58606.0;A;;0;;2.51733;646.49;0.15018;ROSA;80
151;MT;60245.0;A;8.0;0;;2.06463;724.08;0.2378;AMARELO;61
151;MT;60245.0;A;8.0;0;;2.06463;724.08;0.2378;CINZA;62
151;MT;60246.0;D;22.0;0;;1.69347;667.97;0.17628;AZUL;63
151;MT;60247.0;E;13.0;0;;3.56477;732.06;0.09997;ROSA;64
151;MT;59446.0;E;;0;;2.74718;693.15;0.2437;AMARELO;77
151;MT;59005.0;E;;0;;2.39541;680.66;0.15763;CINZA;78
151;MT;58606.0;A;;0;;2.51733;646.49;0.15018;AZUL;79
151;MT;59372.0;D;;0;;1.19749;686.99;0.21683;ROSA;80
152;MT;60246.0;D;22.0;0;;1.69347;667.97;0.17628;AMARELO;61
152;MT;60246.0;D;22.0;0;;1.69347;667.97;0.17628;CINZA;62
152;MT;60247.0;E;13.0;0;;3.56477;732.06;0.09997;AZUL;63
152;MT;60246.0;D;22.0;0;;1.69347;667.97;0.17628;ROSA;64
152;MT;59462.0;E;;0;;2.03119;648.61;0.1104;AMARELO;77
152;MT;59462.0;E;;0;;2.03119;648.61;0.1104;CINZA;78
152;MT;59462.0;E;;0;;2.03119;648.61;0.1104;AZUL;79
152;MT;59462.0;E;;0;;2.03119;648.61;0.1104;ROSA;80
153;MT;60247.0;E;13.0;0;;3.56477;732.06;0.09997;AMARELO;61
153;MT;60247.0;E;13.0;0;;3.56477;732.06;0.09997;CINZA;62
153;MT;60245.0;A;8.0;0;;2.06463;724.08;0.2378;AZUL;63
153;MT;60245.0;A;8.0;0;;2.06463;724.08;0.2378;ROSA;64
153;MT;59423.0;E;;0;;1.517;689.36;0.12183;AMARELO;77
153;MT;59423.0;E;;0;;1.517;689.36;0.12183;CINZA;78
153;MT;59423.0;E;;0;;1.517;689.36;0.12183;AZUL;79
153;MT;59423.0;E;;0;;1.517;689.36;0.12183;ROSA;80
154;MT;58784.0;D;15.0;0;;2.9312;644.84;0.17344;AMARELO;61
154;MT;58784.0;D;15.0;0;;2.9312;644.84;0.17344;CINZA;62
154;MT;58784.0;D;15.0;0;;2.9312;644.84;0.17344;AZUL;63
154;MT;58784.0;D;15.0;0;;2.9312;644.84;0.17344;ROSA;64
154;MT;58804.0;B;;0;;2.0385;592.26;0.23433;AMARELO;77
154;MT;58804.0;B;;0;;2.0385;592.26;0.23433;CINZA;78
154;MT;58804.0;B;;0;;2.0385;592.26;0.23433;AZUL;79
154;MT;58804.0;B;;0;;2.0385;592.26;0.23433;ROSA;80
155;MT;60248.0;D;11.0;0;;0.79007;853.11;0.19229;AMARELO;61
155;MT;60249.0;D;19.0;0;;2.9235;716.39;0.21233;CINZA;62
155;MT;60249.0;D;19.0;0;;2.9235;716.39;0.21233;AZUL;63
155;MT;60251.0;A;3.0;0;;2.53416;727.14;0.18142;ROSA;64
155;MT;59365.0;D;;0;;2.17134;689.54;0.15221;AMARELO;77
155;MT;59396.0;B;;0;;1.76157;703.53;0.24031;CINZA;78
155;MT;59396.0;B;;0;;1.76157;703.53;0.24031;AZUL;79
155;MT;59365.0;D;;0;;2.17134;689.54;0.15221;ROSA;80
156;MT;60249.0;D;19.0;0;;2.9235;716.39;0.21233;AMARELO;61
156;MT;60248.0;D;11.0;0;;0.79007;853.11;0.19229;CINZA;62
156;MT;60251.0;A;3.0;0;;2.53416;727.14;0.18142;AZUL;63
156;MT;60249.0;D;19.0;0;;2.9235;716.39;0.21233;ROSA;64
156;MT;59396.0;B;;0;;1.76157;703.53;0.24031;AMARELO;77
156;MT;59365.0;D;;0;;2.17134;689.54;0.15221;CINZA;78
156;MT;59365.0;D;;0;;2.17134;689.54;0.15221;AZUL;79
156;MT;59396.0;B;;0;;1.76157;703.53;0.24031;ROSA;80
157;MT;60250.0;B;14.0;0;;2.69776;793.50;0.15095;AMARELO;61
157;MT;60250.0;B;14.0;0;;2.69776;793.50;0.15095;CINZA;62
157;MT;60250.0;B;14.0;0;;2.69776;793.50;0.15095;AZUL;63
157;MT;60250.0;B;14.0;0;;2.69776;793.50;0.15095;ROSA;64
157;MT;58618.0;E;;0;;2.75118;683.44;0.148;AMARELO;77
157;MT;58618.0;E;;0;;2.75118;683.44;0.148;CINZA;78
157;MT;58618.0;E;;0;;2.75118;683.44;0.148;AZUL;79
157;MT;58618.0;E;;0;;2.75118;683.44;0.148;ROSA;80
158;MT;60251.0;A;3.0;0;;2.53416;727.14;0.18142;AMARELO;61
158;MT;60251.0;A;3.0;0;;2.53416;727.14;0.18142;CINZA;62
158;MT;60248.0;D;11.0;0;;0.79007;853.11;0.19229;AZUL;63
158;MT;60248.0;D;11.0;0;;0.79007;853.11;0.19229;ROSA;64
158;MT;57717.0;B;;0;;2.08159;709.57;0.14143;AMARELO;77
158;MT;57717.0;B;;0;;2.08159;709.57;0.14143;CINZA;78
158;MT;57717.0;B;;0;;2.08159;709.57;0.14143;AZUL;79
158;MT;57717.0;B;;0;;2.08159;709.57;0.14143;ROSA;80
159;MT;58608.0;E;19.0;0;;3.09974;656.13;0.10802;AMARELO;61
159;MT;58608.0;E;19.0;0;;3.09974;656.13;0.10802;CINZA;62
159;MT;58608.0;E;19.0;0;;3.09974;656.13;0.10802;AZUL;63
159;MT;58608.0;E;19.0;0;;3.09974;656.13;0.10802;ROSA;64
159;MT;57736.0;E;;0;;2.22195;710.11;0.11725;AMARELO;77
159;MT;59491.0;B;;0;;2.96596;725.35;0.09561;CINZA;78
159;MT;59385.0;E;;0;;2.38094;735.43;0.21459;AZUL;79
159;MT;59491.0;B;;0;;2.96596;725.35;0.09561;ROSA;80
160;MT;60252.0;D;28.0;0;;1.98315;770.57;0.21033;AMARELO;61
160;MT;60253.0;D;17.0;0;;1.25005;700.51;0.17589;CINZA;62
160;MT;60253.0;D;17.0;0;;1.25005;700.51;0.17589;AZUL;63
160;MT;60253.0;D;17.0;0;;1.25005;700.51;0.17589;ROSA;64
160;MT;59491.0;B;;0;;2.96596;725.35;0.09561;AMARELO;77
160;MT;57736.0;E;;0;;2.22195;710.11;0.11725;CINZA;78
160;MT;59491.0;B;;0;;2.96596;725.35;0.09561;AZUL;79
160;MT;59385.0;E;;0;;2.38094;735.43;0.21459;ROSA;80
161;MT;60253.0;D;17.0;0;;1.25005;700.51;0.17589;AMARELO;61
161;MT;60252.0;D;28.0;0;;1.98315;770.57;0.21033;CINZA;62
161;MT;60252.0;D;28.0;0;;1.98315;770.57;0.21033;AZUL;63
161;MT;60254.0;A;16.0;0;;2.32988;723.43;0.20364;ROSA;64
161;MT;59385.0;E;;0;;2.38094;735.43;0.21459;AMARELO;77
161;MT;59385.0;E;;0;;2.38094;735.43;0.21459;CINZA;78
161;MT;57736.0;E;;0;;2.22195;710.11;0.11725;AZUL;79
161;MT;57736.0;E;;0;;2.22195;710.11;0.11725;ROSA;80
162;MT;60254.0;A;16.0;0;;2.32988;723.43;0.20364;AMARELO;61
162;MT;60254.0;A;16.0;0;;2.32988;723.43;0.20364;CINZA;62
162;MT;60254.0;A;16.0;0;;2.32988;723.43;0.20364;AZUL;63
162;MT;60252.0;D;28.0;0;;1.98315;770.57;0.21033;ROSA;64
162;MT;58787.0;E;;0;;1.2893;680.10;0.10478;AMARELO;77
162;MT;58787.0;E;;0;;1.2893;680.10;0.10478;CINZA;78
162;MT;58787.0;E;;0;;1.2893;680.10;0.10478;AZUL;79
162;MT;58787.0;E;;0;;1.2893;680.10;0.10478;ROSA;80
163;MT;60255.0;B;12.0;0;;2.62945;681.38;0.20231;AMARELO;61
163;MT;60255.0;B;12.0;0;;2.62945;681.38;0.20231;CINZA;62
163;MT;60255.0;B;12.0;0;;2.62945;681.38;0.20231;AZUL;63
163;MT;60255.0;B;12.0;0;;2.62945;681.38;0.20231;ROSA;64
163;MT;58334.0;A;;0;;2.10255;718.13;0.14632;AMARELO;77
163;MT;58334.0;A;;0;;2.10255;718.13;0.14632;CINZA;78
163;MT;58334.0;A;;0;;2.10255;718.13;0.14632;AZUL;79
163;MT;58334.0;A;;0;;2.10255;718.13;0.14632;ROSA;80
164;MT;58815.0;E;8.0;0;;1.69212;672.67;0.15858;AMARELO;61
164;MT;58815.0;E;8.0;0;;1.69212;672.67;0.15858;CINZA;62
164;MT;58815.0;E;8.0;0;;1.69212;672.67;0.15858;AZUL;63
164;MT;58815.0;E;8.0;0;;1.69212;672.67;0.15858;ROSA;64
164;MT;58621.0;D;;0;;2.21315;735.03;0.20782;AMARELO;77
164;MT;57742.0;C;;0;;1.13695;725.07;0.14845;CINZA;78
164;MT;58621.0;D;;0;;2.21315;735.03;0.20782;AZUL;79
164;MT;58621.0;D;;0;;2.21315;735.03;0.20782;ROSA;80
165;MT;60256.0;B;6.0;0;;1.07373;792.78;0.21556;AMARELO;61
165;MT;60257.0;A;2.0;0;;1.98397;768.23;0.19702;CINZA;62
165;MT;60257.0;A;2.0;0;;1.98397;768.23;0.19702;AZUL;63
165;MT;60257.0;A;2.0;0;;1.98397;768.23;0.19702;ROSA;64
165;MT;57742.0;C;;0;;1.13695;725.07;0.14845;AMARELO;77
165;MT;58621.0;D;;0;;2.21315;735.03;0.20782;CINZA;78
165;MT;57742.0;C;;0;;1.13695;725.07;0.14845;AZUL;79
165;MT;57742.0;C;;0;;1.13695;725.07;0.14845;ROSA;80
166;MT;60257.0;A;2.0;0;;1.98397;768.23;0.19702;AMARELO;61
166;MT;60256.0;B;6.0;0;;1.07373;792.78;0.21556;CINZA;62
166;MT;60256.0;B;6.0;0;;1.07373;792.78;0.21556;AZUL;63
166;MT;60256.0;B;6.0;0;;1.07373;792.78;0.21556;ROSA;64
166;MT;59358.0;C;;0;;1.47573;732.98;0.1993;AMARELO;77
166;MT;59358.0;C;;0;;1.47573;732.98;0.1993;CINZA;78
166;MT;59014.0;C;;0;;2.19295;705.01;0.33483;AZUL;79
166;MT;59014.0;C;;0;;2.19295;705.01;0.33483;ROSA;80
167;MT;60258.0;D;27.0;0;;2.69948;761.66;0.21668;AMARELO;61
167;MT;60259.0;E;25.0;0;;4.03232;725.59;0.08861;CINZA;62
167;MT;60259.0;E;25.0;0;;4.03232;725.59;0.08861;AZUL;63
167;MT;60259.0;E;25.0;0;;4.03232;725.59;0.08861;ROSA;64
167;MT;58985.0;C;;0;;3.3623;702.69;0.1874;AMARELO;77
167;MT;58985.0;C;;0;;3.3623;702.69;0.1874;CINZA;78
167;MT;58985.0;C;;0;;3.3623;702.69;0.1874;AZUL;79
167;MT;58985.0;C;;0;;3.3623;702.69;0.1874;ROSA;80
168;MT;60259.0;E;25.0;0;;4.03232;725.59;0.08861;AMARELO;61
168;MT;60258.0;D;27.0;0;;2.69948;761.66;0.21668;CINZA;62
168;MT;60258.0;D;27.0;0;;2.69948;761.66;0.21668;AZUL;63
168;MT;60258.0;D;27.0;0;;2.69948;761.66;0.21668;ROSA;64
168;MT;59014.0;C;;0;;2.19295;705.01;0.33483;AMARELO;77
168;MT;58810.0;B;;0;;2.02128;733.63;0.20112;CINZA;78
168;MT;59358.0;C;;0;;1.47573;732.98;0.1993;AZUL;79
168;MT;58810.0;B;;0;;2.02128;733.63;0.20112;ROSA;80
169;MT;59010.0;D;18.0;0;;1.96538;694.14;0.18386;AMARELO;61
169;MT;59010.0;D;18.0;0;;1.96538;694.14;0.18386;CINZA;62
169;MT;59010.0;D;18.0;0;;1.96538;694.14;0.18386;AZUL;63
169;MT;59010.0;D;18.0;0;;1.96538;694.14;0.18386;ROSA;64
169;MT;58810.0;B;;0;;2.02128;733.63;0.20112;AMARELO;77
169;MT;59014.0;C;;0;;2.19295;705.01;0.33483;CINZA;78
169;MT;58810.0;B;;0;;2.02128;733.63;0.20112;AZUL;79
169;MT;59358.0;C;;0;;1.47573;732.98;0.1993;ROSA;80
170;MT;60260.0;B;14.0;0;;3.68279;786.69;0.22261;AMARELO;61
170;MT;60260.0;B;14.0;0;;3.68279;786.69;0.22261;CINZA;62
170;MT;60263.0;E;4.0;0;;2.66774;775.40;0.16322;AZUL;63
170;MT;60263.0;E;4.0;0;;2.66774;775.40;0.16322;ROSA;64
170;MT;58798.0;B;;0;;1.77715;747.78;0.12886;AMARELO;77
170;MT;59428.0;D;;0;;2.34628;738.16;0.19099;CINZA;78
170;MT;59428.0;D;;0;;2.34628;738.16;0.19099;AZUL;79
170;MT;59428.0;D;;0;;2.34628;738.16;0.19099;ROSA;80
171;MT;60261.0;C;30.0;1;Năo permitiu a convergęncia do algoritmo de estimaçăo da TRI;;nan;;AMARELO;61
171;MT;60261.0;C;30.0;1;Năo permitiu a convergęncia do algoritmo de estimaçăo da TRI;;nan;;CINZA;62
171;MT;60261.0;C;30.0;1;Năo permitiu a convergęncia do algoritmo de estimaçăo da TRI;;nan;;AZUL;63
171;MT;60261.0;C;30.0;1;Năo permitiu a convergęncia do algoritmo de estimaçăo da TRI;;nan;;ROSA;64
171;MT;59428.0;D;;0;;2.34628;738.16;0.19099;AMARELO;77
171;MT;58798.0;B;;0;;1.77715;747.78;0.12886;CINZA;78
171;MT;58798.0;B;;0;;1.77715;747.78;0.12886;AZUL;79
171;MT;58798.0;B;;0;;1.77715;747.78;0.12886;ROSA;80
172;MT;60262.0;C;25.0;0;;1.05092;928.18;0.21068;AMARELO;61
172;MT;60262.0;C;25.0;0;;1.05092;928.18;0.21068;CINZA;62
172;MT;60262.0;C;25.0;0;;1.05092;928.18;0.21068;AZUL;63
172;MT;60262.0;C;25.0;0;;1.05092;928.18;0.21068;ROSA;64
172;MT;58786.0;E;;0;;2.65625;743.81;0.16532;AMARELO;77
172;MT;58786.0;E;;0;;2.65625;743.81;0.16532;CINZA;78
172;MT;58786.0;E;;0;;2.65625;743.81;0.16532;AZUL;79
172;MT;58786.0;E;;0;;2.65625;743.81;0.16532;ROSA;80
173;MT;60263.0;E;4.0;0;;2.66774;775.40;0.16322;AMARELO;61
173;MT;60263.0;E;4.0;0;;2.66774;775.40;0.16322;CINZA;62
173;MT;60260.0;B;14.0;0;;3.68279;786.69;0.22261;AZUL;63
173;MT;60260.0;B;14.0;0;;3.68279;786.69;0.22261;ROSA;64
173;MT;59405.0;D;;0;;1.54998;762.83;0.13193;AMARELO;77
173;MT;59405.0;D;;0;;1.54998;762.83;0.13193;CINZA;78
173;MT;59436.0;D;;0;;1.15444;777.87;0.15012;AZUL;79
173;MT;59436.0;D;;0;;1.15444;777.87;0.15012;ROSA;80
174;MT;58675.0;B;19.0;0;;3.12337;816.78;0.27419;AMARELO;61
174;MT;58675.0;B;19.0;0;;3.12337;816.78;0.27419;CINZA;62
174;MT;58675.0;B;19.0;0;;3.12337;816.78;0.27419;AZUL;63
174;MT;58675.0;B;19.0;0;;3.12337;816.78;0.27419;ROSA;64
174;MT;59359.0;D;;0;;2.60523;763.03;0.11534;AMARELO;77
174;MT;59436.0;D;;0;;1.15444;777.87;0.15012;CINZA;78
174;MT;59405.0;D;;0;;1.54998;762.83;0.13193;AZUL;79
174;MT;59359.0;D;;0;;2.60523;763.03;0.11534;ROSA;80
175;MT;60244.0;B;4.0;0;;1.83932;782.18;0.21303;AMARELO;61
175;MT;60244.0;B;4.0;0;;1.83932;782.18;0.21303;CINZA;62
175;MT;60242.0;C;21.0;0;;2.83725;826.77;0.21224;AZUL;63
175;MT;60240.0;E;5.0;0;;1.48477;900.41;0.13999;ROSA;64
175;MT;59436.0;D;;0;;1.15444;777.87;0.15012;AMARELO;77
175;MT;59359.0;D;;0;;2.60523;763.03;0.11534;CINZA;78
175;MT;59359.0;D;;0;;2.60523;763.03;0.11534;AZUL;79
175;MT;59405.0;D;;0;;1.54998;762.83;0.13193;ROSA;80
176;MT;60242.0;C;21.0;0;;2.83725;826.77;0.21224;AMARELO;61
176;MT;60242.0;C;21.0;0;;2.83725;826.77;0.21224;CINZA;62
176;MT;60244.0;B;4.0;0;;1.83932;782.18;0.21303;AZUL;63
176;MT;60244.0;B;4.0;0;;1.83932;782.18;0.21303;ROSA;64
176;MT;59377.0;D;;0;;1.13373;827.28;0.10427;AMARELO;77
176;MT;59377.0;D;;0;;1.13373;827.28;0.10427;CINZA;78
176;MT;59377.0;D;;0;;1.13373;827.28;0.10427;AZUL;79
176;MT;58974.0;E;;0;;0.90268;816.95;0.18234;ROSA;80
177;MT;60240.0;E;5.0;0;;1.48477;900.41;0.13999;AMARELO;61
177;MT;60238.0;C;9.0;0;;1.95278;771.52;0.21173;CINZA;62
177;MT;60238.0;C;9.0;0;;1.95278;771.52;0.21173;AZUL;63
177;MT;60238.0;C;9.0;0;;1.95278;771.52;0.21173;ROSA;64
177;MT;59424.0;E;;0;;1.21331;747.40;0.14271;AMARELO;77
177;MT;59424.0;E;;0;;1.21331;747.40;0.14271;CINZA;78
177;MT;59424.0;E;;0;;1.21331;747.40;0.14271;AZUL;79
177;MT;59424.0;E;;0;;1.21331;747.40;0.14271;ROSA;80
178;MT;60238.0;C;9.0;0;;1.95278;771.52;0.21173;AMARELO;61
178;MT;60240.0;E;5.0;0;;1.48477;900.41;0.13999;CINZA;62
178;MT;60240.0;E;5.0;0;;1.48477;900.41;0.13999;AZUL;63
178;MT;60242.0;C;21.0;0;;2.83725;826.77;0.21224;ROSA;64
178;MT;58974.0;E;;0;;0.90268;816.95;0.18234;AMARELO;77
178;MT;59388.0;C;;0;;1.71404;826.47;0.19063;CINZA;78
178;MT;58351.0;A;;0;;2.20914;802.86;0.14764;AZUL;79
178;MT;58351.0;A;;0;;2.20914;802.86;0.14764;ROSA;80
179;MT;60236.0;B;30.0;1;Năo permitiu a convergęncia do algoritmo de estimaçăo da TRI;;nan;;AMARELO;61
179;MT;60236.0;B;30.0;1;Năo permitiu a convergęncia do algoritmo de estimaçăo da TRI;;nan;;CINZA;62
179;MT;60234.0;B;13.0;0;;3.09626;781.16;0.2272;AZUL;63
179;MT;60234.0;B;13.0;0;;3.09626;781.16;0.2272;ROSA;64
179;MT;58351.0;A;;0;;2.20914;802.86;0.14764;AMARELO;77
179;MT;58974.0;E;;0;;0.90268;816.95;0.18234;CINZA;78
179;MT;59388.0;C;;0;;1.71404;826.47;0.19063;AZUL;79
179;MT;59388.0;C;;0;;1.71404;826.47;0.19063;ROSA;80
180;MT;60234.0;B;13.0;0;;3.09626;781.16;0.2272;AMARELO;61
180;MT;60234.0;B;13.0;0;;3.09626;781.16;0.2272;CINZA;62
180;MT;60236.0;B;30.0;1;Năo permitiu a convergęncia do algoritmo de estimaçăo da TRI;;nan;;AZUL;63
180;MT;60236.0;B;30.0;1;Năo permitiu a convergęncia do algoritmo de estimaçăo da TRI;;nan;;ROSA;64
180;MT;59388.0;C;;0;;1.71404;826.47;0.19063;AMARELO;77
180;MT;58351.0;A;;0;;2.20914;802.86;0.14764;CINZA;78
180;MT;58974.0;E;;0;;0.90268;816.95;0.18234;AZUL;79
180;MT;59377.0;D;;0;;1.13373;827.28;0.10427;ROSA;80
